gender,parental_education_level,extracurricular_participation,part_time_job,diet_quality,exercise_frequency_group,attendance_percentage_group,study_hours_per_day_group,sleep_hours_group,count_of_students,avg_exam_score,avg_exercise_frequency,avg_attendance_percentage,avg_study_hours,avg_sleep_hours
Female,Master,Yes,No,Fair,> 4,76-86,0-2,05-Aug,1,56.2,6,85,0,8
Female,High School,No,No,Good,> 4,> 86,> 6,0-5,1,100,6,97.3,6.9,4.6
Male,High School,No,No,Poor,0-2,> 86,0-2,05-Aug,1,34.3,1,94.8,1.4,8
Female,Master,Yes,No,Poor,02-Apr,66-76,0-2,> 8,1,26.8,4,71,1,9.2
Female,Master,No,No,Fair,02-Apr,> 86,04-Jun,0-5,1,66.4,3,90.9,5,4.9
Male,Master,No,No,Fair,0-2,76-86,> 6,05-Aug,2,98.3,1,83.8,6.9,7.65
Female,Master,No,Yes,Good,0-2,76-86,04-Jun,05-Aug,2,81.7,1.5,82.85,5.15,6.6
Female,Bachelor,No,Yes,Fair,0-2,76-86,04-Jun,0-5,1,72.6,0,77.7,4.3,4.6
Female,Bachelor,No,No,Good,02-Apr,> 86,04-Jun,05-Aug,2,89.45,3.5,98.45,5.15,6.25
Female,Bachelor,Yes,No,Good,> 4,> 86,04-Jun,05-Aug,1,100,5,95.4,4.8,7.5
Female,None,No,No,Fair,0-2,76-86,04-Jun,05-Aug,1,63.3,1,77.6,4.6,5.8
Male,Bachelor,No,No,Fair,0-2,66-76,02-Apr,05-Aug,3,70.03,1.67,70.57,3.67,7.5
Female,Bachelor,No,Yes,Fair,0-2,76-86,02-Apr,0-5,1,76.9,1,81.1,3.7,4.5
Female,Bachelor,No,No,Fair,02-Apr,> 86,02-Apr,0-5,1,75.8,4,89.3,3.4,4.7
Male,Bachelor,No,No,Poor,> 4,> 86,02-Apr,05-Aug,2,76.15,6,93.7,3.15,6.4
Male,High School,No,No,Good,> 4,> 86,02-Apr,05-Aug,1,74,6,97.5,3.1,6.5
Male,High School,Yes,No,Poor,02-Apr,> 86,0-2,05-Aug,1,55.2,3,92.9,1,5.6
Female,High School,Yes,No,Poor,0-2,> 86,02-Apr,05-Aug,3,69.1,0,90.13,3.2,7.17
Other,High School,No,Yes,Good,0-2,> 86,0-2,05-Aug,1,43.9,2,88.3,2,7.1
Male,High School,No,No,Fair,0-2,66-76,0-2,05-Aug,1,45.3,1,71.1,1.8,7.5
Female,Master,No,No,Good,02-Apr,76-86,02-Apr,05-Aug,2,65,3.5,81.25,3.45,6.3
Male,High School,No,No,Fair,0-2,> 86,04-Jun,05-Aug,3,84.3,1,95.87,5.47,6.63
Other,High School,No,No,Fair,02-Apr,76-86,04-Jun,05-Aug,2,86.65,3,84.05,4.7,6.65
Female,Bachelor,No,Yes,Fair,> 4,> 86,0-2,> 8,1,43.7,6,90,1.1,9
Female,Bachelor,No,Yes,Fair,02-Apr,76-86,0-2,05-Aug,1,54.9,4,81.8,2,5.5
Male,High School,Yes,No,Fair,0-2,66-76,04-Jun,> 8,1,69.9,1,74.7,4.9,9
Male,Bachelor,No,No,Good,02-Apr,76-86,0-2,05-Aug,2,63.5,4,80.7,1.85,6.75
Male,Bachelor,No,Yes,Fair,> 4,> 86,02-Apr,0-5,1,71.1,5,88.1,3.2,4.8
Male,High School,Yes,Yes,Good,> 4,76-86,04-Jun,> 8,1,82.8,5,78.4,4.3,8.1
Female,High School,Yes,Yes,Poor,> 4,76-86,0-2,05-Aug,1,75.7,6,82.6,2,6.7
Female,Master,No,No,Fair,0-2,66-76,02-Apr,05-Aug,2,66.9,2,72.9,3.35,7.1
Other,Bachelor,Yes,Yes,Fair,02-Apr,> 86,0-2,05-Aug,1,51.3,4,96.2,1.5,8
Other,Bachelor,No,No,Good,02-Apr,76-86,02-Apr,05-Aug,1,52.1,3,82.1,2.6,6.9
Female,None,No,No,Poor,0-2,> 86,02-Apr,05-Aug,1,70.7,2,99.5,4,5.8
Female,High School,No,No,Fair,0-2,> 86,0-2,05-Aug,3,48.07,1.67,95.3,0.87,6.83
Female,Bachelor,No,Yes,Good,0-2,76-86,04-Jun,05-Aug,2,67.65,1.5,81.45,4.15,5.8
Female,High School,No,No,Fair,02-Apr,66-76,02-Apr,05-Aug,1,70.7,3,74.9,3.5,7.3
Male,High School,No,Yes,Good,0-2,0-66,04-Jun,0-5,1,59.4,0,64.1,4.3,3.9
Male,Bachelor,No,No,Poor,0-2,66-76,02-Apr,05-Aug,1,58.1,0,70.3,3.8,7
Male,High School,No,No,Good,0-2,66-76,04-Jun,05-Aug,1,82.3,1,71.3,5.5,5.7
Female,Bachelor,No,No,Good,> 4,> 86,02-Apr,> 8,1,69.7,6,98.8,3.7,8.5
Female,Bachelor,No,No,Good,> 4,> 86,02-Apr,05-Aug,2,66.85,5.5,92.4,2.95,6.6
Male,High School,Yes,No,Fair,02-Apr,> 86,02-Apr,05-Aug,1,63.5,3,88.9,3.7,6.8
Female,Bachelor,No,No,Poor,0-2,0-66,04-Jun,05-Aug,1,65.7,0,62.8,4.3,7.1
Female,High School,No,No,Good,02-Apr,66-76,02-Apr,05-Aug,1,78.5,4,73,3.6,5.3
Male,Bachelor,Yes,No,Fair,0-2,> 86,02-Apr,> 8,1,75.1,1,93.9,3.6,8.4
Male,High School,Yes,No,Poor,> 4,> 86,02-Apr,> 8,1,71,5,87.9,2.4,8.9
Female,None,Yes,No,Good,02-Apr,76-86,02-Apr,05-Aug,1,59.7,4,83.5,2.5,7
Female,Bachelor,No,No,Fair,02-Apr,> 86,0-2,> 8,1,52.6,3,90.6,1.4,8.4
Female,High School,No,No,Poor,> 4,> 86,> 6,05-Aug,1,96.5,5,100,6.1,5.8
Female,Master,Yes,No,Fair,02-Apr,76-86,0-2,05-Aug,1,62,4,82.8,1.6,5.5
Female,High School,No,No,Poor,0-2,76-86,02-Apr,05-Aug,2,61.15,1,81.15,2.35,5.8
Female,High School,No,No,Fair,> 4,> 86,02-Apr,05-Aug,3,64.73,5.33,88.37,3,6.07
Female,Bachelor,Yes,No,Good,0-2,> 86,04-Jun,05-Aug,3,83.13,0.33,96.23,4.97,5.8
Female,High School,No,Yes,Fair,> 4,0-66,02-Apr,05-Aug,1,68.1,5,64,3.1,7.1
Male,High School,No,No,Good,0-2,> 86,04-Jun,05-Aug,3,80.53,1.67,89.87,5.27,6.17
Male,Bachelor,No,No,Good,> 4,76-86,02-Apr,05-Aug,2,73.8,5.5,84.75,3.15,5.6
Male,Bachelor,Yes,No,Good,0-2,> 86,02-Apr,05-Aug,1,75.2,1,90.7,3.9,7.1
Female,Master,Yes,No,Poor,> 4,76-86,02-Apr,05-Aug,1,46.4,5,78.4,2.2,7.5
Female,Master,Yes,No,Good,02-Apr,76-86,> 6,05-Aug,1,97.1,3,84.5,6.7,6.7
Female,High School,No,Yes,Fair,0-2,> 86,0-2,05-Aug,1,61.2,1,92.1,1.7,7.9
Male,Bachelor,No,No,Fair,02-Apr,> 86,02-Apr,0-5,2,72.95,3.5,95.05,3.5,4.5
Male,High School,No,Yes,Good,> 4,> 86,04-Jun,05-Aug,1,94.7,6,93.1,4.5,7.1
Male,Bachelor,No,Yes,Fair,02-Apr,76-86,04-Jun,05-Aug,1,77.6,3,76.5,4.1,5.1
Male,High School,Yes,No,Good,02-Apr,76-86,02-Apr,05-Aug,1,68.6,3,80.8,3.2,5.2
Female,Master,No,No,Poor,0-2,76-86,02-Apr,05-Aug,1,69.6,0,80.5,3.3,5.7
Male,Bachelor,No,No,Good,02-Apr,66-76,02-Apr,05-Aug,1,66.5,4,67,3.6,5.4
Male,Master,No,No,Poor,0-2,76-86,02-Apr,05-Aug,2,55.65,1,79.1,3.15,5.95
Female,Bachelor,No,Yes,Good,0-2,> 86,04-Jun,05-Aug,1,82.1,0,92.3,4.9,6.2
Male,Master,No,No,Poor,> 4,66-76,> 6,05-Aug,1,100,6,72.3,6.8,7.5
Female,Bachelor,Yes,No,Poor,0-2,> 86,02-Apr,05-Aug,2,63.7,1,97.75,3,6.55
Female,High School,Yes,No,Fair,0-2,> 86,0-2,0-5,1,55.1,0,89.9,1.4,4.6
Male,High School,Yes,No,Fair,0-2,76-86,02-Apr,05-Aug,3,73.1,1.67,78.17,3.27,6.7
Female,High School,Yes,No,Fair,02-Apr,76-86,> 6,05-Aug,1,97.7,3,83.6,7.4,5.5
Female,None,No,No,Fair,> 4,> 86,02-Apr,05-Aug,1,66.9,6,100,2.3,6.4
Female,Bachelor,Yes,Yes,Fair,0-2,> 86,04-Jun,05-Aug,1,99.9,0,92.3,6,7
Male,Bachelor,Yes,No,Poor,> 4,76-86,04-Jun,05-Aug,1,100,5,85.1,6,6.7
Female,Bachelor,No,No,Fair,0-2,76-86,02-Apr,05-Aug,5,64.94,1.2,82.78,2.84,6.78
Female,Master,No,Yes,Good,02-Apr,76-86,04-Jun,05-Aug,1,77.3,4,85.8,4.4,7.1
Male,Master,No,Yes,Good,02-Apr,76-86,04-Jun,05-Aug,1,91.6,3,79.9,5.9,5.5
Male,High School,No,No,Good,> 4,0-66,02-Apr,> 8,1,70.7,6,64,2.9,9.1
Other,High School,No,No,Good,> 4,> 86,02-Apr,05-Aug,1,57.6,5,100,3.2,6.7
Female,High School,No,Yes,Fair,> 4,> 86,02-Apr,05-Aug,1,60.2,6,86.6,2.6,6.3
Male,High School,Yes,No,Poor,> 4,> 86,0-2,05-Aug,1,50.5,6,89,2,7.7
Female,Bachelor,No,No,Fair,> 4,76-86,02-Apr,05-Aug,2,65.15,5.5,82.8,3.25,7.2
Male,Bachelor,No,No,Good,> 4,76-86,02-Apr,> 8,1,79.2,5,83.1,3.6,9.5
Male,Master,Yes,No,Fair,0-2,66-76,02-Apr,05-Aug,2,51.1,0.5,70,2.65,5.85
Male,High School,Yes,No,Poor,02-Apr,66-76,0-2,05-Aug,1,41.1,4,72.7,1.2,6.6
Male,Bachelor,No,No,Fair,> 4,66-76,02-Apr,05-Aug,2,77.8,5.5,74.45,3.95,7.25
Female,High School,No,No,Fair,> 4,76-86,04-Jun,0-5,1,63.4,5,80.6,4.8,4.7
Male,High School,No,Yes,Poor,02-Apr,> 86,0-2,0-5,1,43.9,4,97.9,0.5,4.1
Male,None,No,No,Good,02-Apr,76-86,04-Jun,05-Aug,1,70.2,4,85.1,4.1,5.8
Female,High School,No,No,Fair,0-2,66-76,04-Jun,0-5,2,86.05,1,69.55,5.55,3.85
Male,High School,No,No,Good,0-2,> 86,0-2,05-Aug,2,49.45,0,94.95,1.75,6.35
Female,High School,No,No,Good,0-2,> 86,04-Jun,05-Aug,2,82.5,0,94.15,5.6,7
Male,Bachelor,No,No,Good,> 4,> 86,04-Jun,05-Aug,2,88.55,5.5,92.9,4.55,5.4
Male,Bachelor,Yes,No,Good,02-Apr,> 86,02-Apr,0-5,1,63.9,3,92.2,2.4,4.8
Male,High School,No,No,Good,0-2,> 86,02-Apr,05-Aug,5,64.6,0.8,94.12,3.4,6.4
Male,None,Yes,No,Good,> 4,> 86,04-Jun,05-Aug,1,93.2,5,100,4.3,7.5
Male,Bachelor,No,No,Good,> 4,76-86,02-Apr,0-5,1,74,6,78.1,3.6,4.5
Male,None,No,No,Fair,0-2,> 86,04-Jun,05-Aug,3,75.37,0.33,98.53,4.8,6.67
Male,Master,No,No,Good,02-Apr,> 86,02-Apr,05-Aug,2,57,4,90.5,2.8,6.85
Male,Bachelor,No,No,Good,> 4,> 86,02-Apr,05-Aug,3,77.17,5.67,92.3,3.63,6.47
Male,High School,Yes,Yes,Good,02-Apr,66-76,0-2,05-Aug,1,32.8,4,68.1,1.4,8
Male,High School,Yes,No,Good,> 4,76-86,02-Apr,> 8,1,82.3,6,83.3,3.3,9.1
Male,None,No,No,Fair,02-Apr,76-86,02-Apr,05-Aug,1,60.4,4,76.9,2.1,6.1
Female,High School,Yes,No,Poor,02-Apr,> 86,02-Apr,05-Aug,1,60,4,93.3,2.4,6.6
Female,High School,No,No,Fair,0-2,> 86,04-Jun,05-Aug,4,80.7,1,95.25,4.97,6.32
Male,Bachelor,Yes,No,Fair,02-Apr,0-66,04-Jun,05-Aug,1,86.5,3,64.3,5.1,6.5
Female,High School,No,No,Good,0-2,76-86,04-Jun,> 8,1,76.9,1,84.8,4.4,8.3
Female,Bachelor,Yes,No,Fair,0-2,> 86,0-2,0-5,1,43.9,1,96.2,1.9,4.9
Male,Bachelor,No,No,Fair,0-2,76-86,02-Apr,05-Aug,4,59.88,0.5,80.65,2.92,6.8
Female,High School,No,No,Fair,0-2,> 86,04-Jun,> 8,1,83.3,2,92.3,5.3,8.2
Female,None,No,No,Poor,> 4,> 86,02-Apr,05-Aug,2,73.85,5,89.8,3.1,7.65
Male,None,Yes,No,Good,> 4,> 86,> 6,05-Aug,1,94.8,5,88.4,7,6.1
Male,None,No,No,Good,0-2,76-86,04-Jun,05-Aug,1,80.8,1,82.3,4.1,7.5
Female,Bachelor,Yes,No,Poor,02-Apr,66-76,02-Apr,05-Aug,1,58.3,3,72.8,3.8,6.9
Female,High School,No,Yes,Fair,02-Apr,66-76,02-Apr,> 8,1,66.3,4,73.8,3,8.3
Male,Bachelor,No,No,Fair,> 4,> 86,02-Apr,05-Aug,1,87.9,6,92.1,3.7,6.6
Male,High School,No,No,Poor,0-2,76-86,02-Apr,05-Aug,1,60.5,0,85.2,3.3,7.7
Male,High School,No,No,Poor,02-Apr,76-86,04-Jun,> 8,1,84.8,3,83.6,4.6,9.7
Female,Bachelor,No,No,Good,0-2,76-86,04-Jun,05-Aug,3,79.4,0.67,81.63,4.83,6.77
Male,High School,No,No,Fair,0-2,> 86,0-2,05-Aug,3,40.43,0.33,90.3,1.3,6.67
Male,High School,No,Yes,Poor,0-2,76-86,0-2,05-Aug,1,42.4,1,81.6,0.7,6.1
Female,Bachelor,No,No,Good,> 4,66-76,04-Jun,> 8,2,87.75,5,71.3,4.3,8.95
Male,High School,Yes,No,Good,0-2,76-86,0-2,05-Aug,1,26.8,1,83,0.3,6.2
Female,Bachelor,No,No,Poor,> 4,76-86,04-Jun,05-Aug,1,81.6,5,85.3,4.1,5.5
Female,High School,No,No,Good,> 4,> 86,> 6,05-Aug,1,100,6,100,7.2,7.8
Female,Bachelor,Yes,Yes,Fair,> 4,76-86,02-Apr,05-Aug,1,74,5,84.8,3.5,7.5
Female,Bachelor,Yes,No,Fair,02-Apr,> 86,04-Jun,05-Aug,2,74.7,4,88.25,5.05,5.8
Male,Bachelor,No,No,Fair,02-Apr,76-86,02-Apr,0-5,1,74.3,4,82.8,3.4,4.7
Female,Bachelor,No,No,Good,0-2,> 86,04-Jun,05-Aug,2,71.25,1.5,90.25,4.6,6.9
Male,Bachelor,No,No,Good,> 4,66-76,02-Apr,05-Aug,2,68.6,6,68.45,2.7,6.1
Male,Master,No,No,Fair,02-Apr,> 86,02-Apr,> 8,1,64.1,3,87,3.9,8.5
Male,High School,No,No,Good,> 4,76-86,02-Apr,05-Aug,2,79.5,6,84.15,3.85,5.7
Male,High School,No,No,Good,> 4,76-86,02-Apr,0-5,1,63.4,6,85.4,2.5,5
Male,Bachelor,Yes,No,Fair,02-Apr,> 86,02-Apr,0-5,1,65.4,4,88.3,3.2,4.9
Male,None,No,No,Fair,02-Apr,> 86,02-Apr,> 8,1,62,3,99.8,2.4,8.1
Male,Master,Yes,No,Fair,> 4,66-76,04-Jun,> 8,1,74,5,75.1,4.3,8.4
Female,None,No,No,Good,0-2,> 86,02-Apr,05-Aug,1,46.7,1,86.4,2.2,6.9
Female,Bachelor,No,No,Poor,0-2,76-86,02-Apr,05-Aug,2,66.55,1,84.15,2.85,6.55
Female,Bachelor,Yes,No,Fair,02-Apr,66-76,02-Apr,05-Aug,2,77.1,3,74.7,3.55,6.35
Female,Master,No,No,Fair,0-2,> 86,04-Jun,05-Aug,2,75.2,1,90.85,4.7,7.15
Female,None,No,Yes,Fair,02-Apr,> 86,04-Jun,05-Aug,1,75.4,3,100,4.2,6.1
Male,Bachelor,No,Yes,Good,02-Apr,76-86,02-Apr,05-Aug,1,64.2,4,84.8,3.5,6.1
Female,High School,No,No,Good,0-2,> 86,04-Jun,0-5,1,69.7,1,90.1,4.7,4.6
Female,High School,No,No,Good,02-Apr,76-86,04-Jun,05-Aug,3,83.3,3.67,82.17,5.03,6.03
Female,None,No,No,Good,0-2,76-86,04-Jun,05-Aug,1,81.4,0,77.9,4.3,6.5
Male,High School,No,No,Fair,02-Apr,76-86,0-2,05-Aug,2,54.55,3.5,80.95,1.7,5.85
Male,High School,No,Yes,Fair,0-2,66-76,0-2,05-Aug,1,57.7,0,71.1,1.9,6.3
Male,Bachelor,No,No,Poor,02-Apr,> 86,02-Apr,05-Aug,1,56.7,4,100,3,5.5
Female,Bachelor,Yes,No,Fair,02-Apr,76-86,02-Apr,05-Aug,1,62.3,4,83.8,2.6,6.6
Female,Bachelor,No,No,Good,02-Apr,76-86,02-Apr,05-Aug,2,65.55,3.5,79.9,2.9,7.15
Male,Master,No,No,Fair,0-2,> 86,02-Apr,05-Aug,1,65.2,0,93.9,3.6,5.1
Other,High School,No,No,Good,> 4,66-76,04-Jun,05-Aug,1,76.8,6,73.8,4.3,6.6
Female,Master,No,No,Fair,> 4,76-86,02-Apr,05-Aug,2,74.75,5.5,81.05,3.25,7.15
Male,Master,No,No,Poor,0-2,76-86,04-Jun,05-Aug,1,70.6,2,85.7,4.2,5.6
Male,High School,Yes,No,Poor,02-Apr,> 86,02-Apr,05-Aug,2,63.4,3.5,97.65,3.2,5.6
Male,High School,No,No,Fair,02-Apr,> 86,0-2,05-Aug,2,50.35,3.5,90.7,1.2,6.2
Male,High School,No,No,Fair,0-2,> 86,02-Apr,05-Aug,3,55.5,1,91.37,2.43,6
Male,High School,No,Yes,Poor,0-2,76-86,02-Apr,05-Aug,1,72.2,0,85.8,3.3,6.9
Male,Bachelor,Yes,No,Fair,> 4,> 86,0-2,05-Aug,1,50.1,5,89,1.7,5.4
Male,Bachelor,No,Yes,Fair,0-2,> 86,04-Jun,05-Aug,2,66.05,1,93.5,4.9,7.7
Male,Bachelor,No,No,Fair,0-2,66-76,04-Jun,> 8,1,96.6,1,74.7,5.8,9.3
Female,Bachelor,Yes,No,Good,0-2,76-86,04-Jun,05-Aug,3,77.97,0,83,4.8,6.23
Male,High School,No,No,Good,> 4,66-76,02-Apr,05-Aug,1,68.3,5,74.3,3.2,7.1
Female,Master,Yes,No,Fair,02-Apr,76-86,04-Jun,05-Aug,1,83.8,3,85.8,5.7,5.6
Male,High School,No,Yes,Good,> 4,76-86,02-Apr,05-Aug,1,69.3,5,80.2,3.7,7.7
Other,Master,No,No,Good,02-Apr,> 86,02-Apr,0-5,1,65.3,3,100,3,5
Male,High School,Yes,No,Good,> 4,76-86,02-Apr,05-Aug,1,77.5,6,84.6,2.6,7.1
Other,None,No,Yes,Poor,> 4,76-86,02-Apr,05-Aug,1,65.2,5,83.7,2.9,6.3
Female,High School,No,No,Good,0-2,> 86,02-Apr,05-Aug,4,68.12,0.75,91.3,3.28,7.08
Female,None,No,Yes,Fair,> 4,> 86,02-Apr,05-Aug,1,69.2,5,100,3.7,7.5
Male,Bachelor,No,Yes,Good,0-2,76-86,02-Apr,05-Aug,1,67.4,0,79.1,3.5,5.5
Male,Master,No,No,Good,0-2,66-76,04-Jun,05-Aug,1,79.9,1,69.2,4.2,7.2
Female,High School,Yes,No,Fair,0-2,> 86,04-Jun,05-Aug,2,89.65,1.5,96.6,5.6,6.2
Female,Master,No,No,Fair,> 4,66-76,04-Jun,05-Aug,1,96.2,5,71.2,4.9,6.4
Female,Bachelor,No,Yes,Fair,> 4,76-86,0-2,05-Aug,1,40.4,5,80.6,1.3,6.7
Female,Bachelor,No,No,Fair,02-Apr,76-86,0-2,05-Aug,1,55.2,3,82.4,0,5.6
Male,Bachelor,No,No,Fair,0-2,76-86,04-Jun,05-Aug,2,83.05,0.5,83.5,5.15,6.5
Female,High School,Yes,No,Fair,02-Apr,> 86,0-2,> 8,1,46.5,3,91.9,1.4,8.3
Male,Master,No,No,Poor,> 4,76-86,0-2,05-Aug,1,55.4,6,82.3,1.7,7.9
Male,Master,No,No,Good,0-2,76-86,0-2,> 8,1,45.1,1,84.9,0.8,8.3
Female,Master,No,No,Poor,02-Apr,> 86,04-Jun,05-Aug,1,69.4,4,86.5,4.3,5.5
Male,Master,No,No,Good,02-Apr,76-86,04-Jun,0-5,1,81.3,4,86,4.6,4.8
Female,Bachelor,No,No,Fair,0-2,> 86,0-2,05-Aug,2,35.2,0,91.25,0.75,6.85
Male,High School,No,No,Good,02-Apr,> 86,02-Apr,> 8,1,64.5,4,88.9,2.7,8.7
Female,Master,Yes,No,Fair,0-2,> 86,04-Jun,05-Aug,2,90.5,1,89.05,4.15,5.95
Male,High School,Yes,Yes,Good,0-2,66-76,0-2,05-Aug,1,42.2,1,69.2,1.3,5.5
Female,Bachelor,No,No,Fair,0-2,> 86,02-Apr,05-Aug,4,65.15,1.25,96.2,3.2,7.22
Male,High School,No,No,Fair,02-Apr,> 86,04-Jun,05-Aug,4,90.12,3.5,93.25,4.68,6.28
Male,None,No,No,Fair,0-2,76-86,02-Apr,05-Aug,2,76.05,1,78.7,3.55,6.85
Male,Master,No,No,Fair,> 4,76-86,0-2,05-Aug,1,58.5,6,78.4,2,7.6
Male,Bachelor,Yes,No,Fair,0-2,76-86,04-Jun,05-Aug,1,78.4,0,79.3,5.3,5.9
Other,High School,No,No,Fair,0-2,> 86,02-Apr,05-Aug,1,56.4,0,90.4,3.3,6.4
Male,Bachelor,Yes,No,Poor,> 4,> 86,02-Apr,05-Aug,1,92.6,6,95.3,3.5,6.5
Female,Bachelor,Yes,No,Poor,02-Apr,76-86,02-Apr,05-Aug,2,59.9,3,81.95,2.65,6.8
Male,High School,No,Yes,Fair,02-Apr,> 86,02-Apr,05-Aug,1,75.8,3,94.1,2.8,7.2
Female,Master,No,Yes,Poor,0-2,76-86,02-Apr,05-Aug,1,66.3,0,83.8,3.2,6.6
Female,Bachelor,Yes,No,Good,> 4,76-86,> 6,05-Aug,1,98.3,6,82.9,6.1,6.1
Male,Bachelor,Yes,No,Poor,0-2,> 86,0-2,0-5,1,29.7,1,92.5,1.4,4.7
Male,Bachelor,No,No,Good,> 4,> 86,0-2,05-Aug,1,45.5,6,88.3,1.1,6.8
Male,None,No,No,Fair,02-Apr,> 86,04-Jun,> 8,1,100,3,100,5.7,8.8
Female,High School,Yes,No,Good,> 4,76-86,02-Apr,05-Aug,1,67.5,6,76.5,3.2,5.4
Female,High School,Yes,No,Fair,> 4,> 86,02-Apr,05-Aug,1,60.3,6,90.2,2.5,5.6
Other,High School,No,No,Fair,> 4,76-86,04-Jun,05-Aug,1,87,6,79.7,5.1,5.5
Female,Master,No,No,Fair,> 4,76-86,> 6,05-Aug,1,100,5,84.9,6.2,7
Male,Bachelor,No,No,Good,> 4,76-86,> 6,05-Aug,1,100,6,83.2,6.7,6.6
Female,Master,No,No,Fair,02-Apr,66-76,02-Apr,0-5,1,41.9,4,73.7,2.6,4.6
Female,Bachelor,No,No,Fair,> 4,> 86,04-Jun,05-Aug,1,72.7,5,87.7,4.6,6.7
Female,Master,Yes,No,Good,0-2,0-66,02-Apr,05-Aug,1,74.3,0,64.3,3.9,7.5
Male,Bachelor,No,Yes,Fair,02-Apr,76-86,04-Jun,0-5,1,88.7,3,84.1,5.5,5
Female,Bachelor,Yes,No,Good,02-Apr,76-86,04-Jun,0-5,1,96.6,4,85.2,5.8,4.7
Male,High School,Yes,No,Fair,02-Apr,> 86,02-Apr,> 8,1,72.6,3,92.9,3.5,8.4
Male,High School,Yes,No,Good,02-Apr,> 86,02-Apr,05-Aug,1,52.4,4,94.7,2.4,5.8
Male,High School,Yes,No,Poor,02-Apr,76-86,04-Jun,05-Aug,1,100,3,80,4.2,7.9
Female,Bachelor,No,No,Good,> 4,76-86,02-Apr,05-Aug,2,77.45,5.5,80.5,3.15,6.75
Female,Master,No,No,Good,02-Apr,76-86,> 6,05-Aug,1,100,4,77.3,6.5,6.3
Female,Master,Yes,No,Fair,02-Apr,66-76,02-Apr,05-Aug,1,80.8,3,73.7,3.7,7
Male,High School,No,No,Poor,> 4,> 86,02-Apr,05-Aug,1,62.9,5,88.1,3,5.4
Female,High School,No,No,Fair,0-2,66-76,02-Apr,05-Aug,2,57.9,0.5,72.35,3.25,6.5
Male,High School,No,No,Good,02-Apr,76-86,0-2,05-Aug,1,46.2,3,80.9,1.5,6
Female,High School,No,Yes,Fair,0-2,66-76,0-2,0-5,1,53.8,1,75,2,4.9
Male,Bachelor,Yes,No,Fair,0-2,> 86,04-Jun,05-Aug,1,74.2,1,90.5,5.3,6.9
Male,Master,No,No,Poor,0-2,> 86,02-Apr,05-Aug,1,52.5,0,100,2.5,6.2
Male,Master,No,No,Fair,> 4,66-76,0-2,05-Aug,1,51.2,6,72,1.9,6.3
Male,Bachelor,No,Yes,Fair,> 4,66-76,04-Jun,0-5,1,60.6,5,66.5,4.3,5
Female,Bachelor,No,No,Good,0-2,76-86,04-Jun,> 8,1,91.5,1,83.8,5.3,8.4
Female,Bachelor,No,No,Fair,0-2,76-86,04-Jun,05-Aug,2,82.05,1,81.85,4.5,6.75
Male,High School,No,No,Good,> 4,> 86,04-Jun,05-Aug,2,95.45,6,93.6,5,6.7
Female,Bachelor,Yes,No,Fair,0-2,76-86,02-Apr,05-Aug,2,54.5,1.5,80.9,3.05,6.35
Male,Bachelor,No,Yes,Poor,02-Apr,76-86,0-2,0-5,1,51,3,83,1.4,4.4
Female,Bachelor,Yes,No,Fair,0-2,> 86,04-Jun,> 8,1,90,1,88.7,5.8,8.8
Female,High School,No,No,Fair,02-Apr,> 86,02-Apr,05-Aug,1,54.1,3,95.4,3,6.4
Female,High School,Yes,No,Good,02-Apr,0-66,02-Apr,05-Aug,1,58.4,3,65.4,3.1,5.6
Male,High School,No,Yes,Good,0-2,76-86,04-Jun,05-Aug,1,100,2,81.3,5.5,7
Female,High School,No,No,Fair,0-2,66-76,04-Jun,05-Aug,3,71.9,1.33,71.4,4.37,6.43
Male,Bachelor,No,No,Fair,02-Apr,> 86,> 6,05-Aug,1,93.8,4,100,6.7,8
Male,Bachelor,No,Yes,Good,> 4,76-86,02-Apr,05-Aug,1,78.8,6,78.6,2.5,7.8
Female,Bachelor,No,No,Good,0-2,> 86,02-Apr,05-Aug,3,66.37,0.67,92.57,3.23,6
Female,Master,No,No,Fair,02-Apr,76-86,02-Apr,05-Aug,2,58.8,3.5,80.95,3.3,7
Female,Master,No,No,Fair,02-Apr,76-86,04-Jun,05-Aug,1,72.6,4,80.7,4.3,6.3
Male,High School,No,No,Fair,0-2,> 86,04-Jun,0-5,1,70.9,1,95.3,4.3,4.8
Male,None,Yes,Yes,Fair,0-2,76-86,04-Jun,05-Aug,1,65.1,0,81.6,5.1,5.9
Female,Bachelor,No,Yes,Poor,> 4,> 86,02-Apr,05-Aug,1,62.7,5,94.3,2.2,6.1
Male,Master,No,No,Good,0-2,76-86,0-2,05-Aug,1,51.5,1,81.7,1.9,5.8
Female,Bachelor,No,No,Good,0-2,76-86,0-2,05-Aug,1,18.4,1,79.9,0.6,5.2
Female,Master,Yes,No,Fair,> 4,> 86,> 6,> 8,1,100,5,86.5,6.6,9.3
Female,Bachelor,No,Yes,Fair,02-Apr,> 86,0-2,> 8,1,53.3,3,92.7,1.8,8.7
Male,Bachelor,No,No,Fair,02-Apr,> 86,02-Apr,05-Aug,5,74.68,3.2,96.1,3.32,6.22
Female,Bachelor,No,No,Good,02-Apr,> 86,02-Apr,> 8,1,85.6,4,93.3,3.1,8.4
Male,High School,Yes,Yes,Good,02-Apr,> 86,02-Apr,05-Aug,3,67.5,3.33,92.4,3.47,6.33
Male,High School,No,Yes,Good,> 4,66-76,04-Jun,05-Aug,2,88.1,6,72.35,5.3,6.75
Male,Bachelor,Yes,No,Fair,0-2,76-86,02-Apr,05-Aug,1,45.5,1,85.6,2.6,5.7
Female,High School,Yes,No,Fair,02-Apr,> 86,02-Apr,05-Aug,1,58.6,4,86.1,3.2,7.7
Male,High School,Yes,Yes,Fair,02-Apr,76-86,02-Apr,05-Aug,1,61.5,4,83.2,3.1,5.9
Female,None,No,No,Good,0-2,> 86,04-Jun,0-5,1,71.4,1,89,5.9,4.9
Female,High School,No,No,Poor,0-2,> 86,04-Jun,0-5,1,85.9,1,90,4.6,4.5
Female,Bachelor,No,No,Fair,0-2,> 86,04-Jun,05-Aug,2,71.6,2,90.95,4.7,6.05
Female,High School,No,Yes,Good,0-2,76-86,04-Jun,05-Aug,2,75.35,2,82.35,4.75,5.25
Male,None,No,Yes,Fair,0-2,76-86,02-Apr,05-Aug,1,79.7,1,79.9,3.8,6.2
Male,High School,No,Yes,Good,> 4,66-76,0-2,> 8,1,47.1,6,73,1.6,8.1
Male,Bachelor,No,No,Fair,> 4,> 86,04-Jun,05-Aug,2,93.7,5.5,93.55,4.5,7.95
Female,None,Yes,Yes,Poor,0-2,76-86,02-Apr,05-Aug,1,60.6,0,85.1,2.5,6.5
Male,High School,Yes,No,Good,> 4,66-76,04-Jun,> 8,1,84.2,6,75.7,4.4,8.8
Female,High School,Yes,No,Good,0-2,66-76,02-Apr,05-Aug,1,73.5,1,74.3,3.5,6.1
Male,None,No,No,Fair,0-2,76-86,02-Apr,0-5,1,75.9,2,80.7,4,4.8
Female,Bachelor,No,No,Poor,0-2,> 86,> 6,05-Aug,1,100,1,89.2,6.1,7
Female,Master,Yes,Yes,Good,02-Apr,> 86,02-Apr,05-Aug,1,74.2,4,91,3.9,7.5
Female,Bachelor,Yes,No,Fair,> 4,> 86,> 6,05-Aug,1,100,5,94.6,7.4,5.7
Male,High School,No,No,Fair,> 4,> 86,04-Jun,05-Aug,2,97.45,6,94.85,5.15,6.15
Female,High School,No,No,Good,> 4,> 86,0-2,05-Aug,3,51.87,5.67,93.4,1.63,5.97
Female,High School,No,No,Fair,> 4,66-76,04-Jun,05-Aug,2,81.85,5.5,73.75,4.35,5.9
Female,Master,No,No,Good,0-2,76-86,04-Jun,0-5,1,60.1,2,82.4,4.1,3.5
Female,High School,Yes,No,Poor,02-Apr,> 86,04-Jun,05-Aug,1,91.3,3,88.1,5.4,6.2
Female,Bachelor,No,No,Fair,02-Apr,> 86,04-Jun,05-Aug,2,89.15,3.5,100,4.45,6.6
Female,High School,Yes,No,Poor,> 4,66-76,02-Apr,05-Aug,1,61.6,6,71,3.3,5.7
Male,High School,No,Yes,Good,02-Apr,> 86,0-2,05-Aug,1,41.7,3,97,1.7,6.6
Female,None,No,No,Good,> 4,> 86,02-Apr,05-Aug,1,63.7,6,93.4,2.2,6.9
Male,Bachelor,No,No,Good,0-2,76-86,02-Apr,05-Aug,1,39.6,0,84,2.6,6.2
Female,High School,Yes,No,Fair,0-2,76-86,04-Jun,05-Aug,1,87.5,2,76.6,4.4,5.4
Female,Bachelor,No,No,Fair,> 4,> 86,04-Jun,> 8,1,100,5,92.5,6,8.1
Female,None,No,Yes,Fair,0-2,> 86,04-Jun,05-Aug,1,75.4,2,91.5,4.1,7.6
Male,Master,Yes,No,Fair,> 4,> 86,0-2,05-Aug,1,61.5,6,94.7,1.7,5.8
Male,High School,Yes,No,Fair,> 4,76-86,04-Jun,05-Aug,2,70.3,5,82.15,4.25,6.7
Other,Master,No,No,Good,> 4,76-86,04-Jun,05-Aug,1,96.3,6,79,5.3,7.1
Female,Bachelor,No,Yes,Good,> 4,66-76,02-Apr,05-Aug,1,67,5,69.4,2.6,7.3
Male,Master,No,No,Good,> 4,> 86,02-Apr,0-5,1,70.1,6,93.2,3.3,4.5
Female,Bachelor,Yes,No,Good,0-2,66-76,02-Apr,05-Aug,2,63.05,1,72.7,3,6.25
Female,High School,No,No,Fair,> 4,76-86,04-Jun,05-Aug,3,92.27,5.67,81.77,4.77,6.2
Female,High School,No,Yes,Good,0-2,76-86,02-Apr,> 8,1,76.1,0,80.3,3.3,9.7
Male,High School,Yes,No,Good,0-2,66-76,04-Jun,05-Aug,1,80.4,1,70.2,4.1,6.9
Male,High School,No,No,Fair,> 4,76-86,02-Apr,05-Aug,1,64.1,6,76.8,2.2,6
Male,Master,Yes,No,Good,02-Apr,66-76,02-Apr,0-5,1,59.4,4,73.7,2.8,3.9
Female,None,Yes,No,Fair,> 4,76-86,04-Jun,> 8,1,94.2,5,80.9,4.6,8.2
Male,Bachelor,Yes,Yes,Good,02-Apr,76-86,02-Apr,0-5,1,67.8,3,77.6,2.9,4.9
Male,Bachelor,No,No,Good,0-2,66-76,> 6,05-Aug,1,96.1,0,68.7,6.1,5.3
Male,Bachelor,No,No,Good,0-2,> 86,02-Apr,05-Aug,2,73.3,1,94.6,3.15,6.25
Female,Bachelor,No,No,Fair,> 4,> 86,02-Apr,> 8,1,84.2,5,97.5,3.8,8.2
Female,High School,No,No,Good,0-2,76-86,04-Jun,05-Aug,2,75.35,1,80.6,4.55,7
Male,Bachelor,No,No,Fair,0-2,> 86,0-2,05-Aug,1,41.7,1,87.7,1.4,6.3
Female,Master,No,Yes,Good,02-Apr,> 86,0-2,05-Aug,1,50.3,4,96.9,1.2,5.8
Male,Bachelor,No,No,Fair,02-Apr,76-86,04-Jun,05-Aug,2,100,4,77.15,5.5,6.9
Male,Master,No,No,Good,> 4,> 86,02-Apr,05-Aug,2,55.45,6,94.9,2.5,6.4
Male,None,Yes,No,Fair,> 4,76-86,> 6,05-Aug,1,100,6,79.5,7.3,7.7
Male,High School,No,No,Fair,02-Apr,66-76,02-Apr,05-Aug,1,71.2,3,71.6,2.7,7.7
Female,None,No,No,Fair,02-Apr,> 86,04-Jun,05-Aug,2,89.2,3.5,98.95,5,6.05
Male,High School,Yes,No,Poor,> 4,> 86,> 6,05-Aug,1,100,5,100,6.5,7.4
Female,Bachelor,Yes,No,Good,0-2,66-76,> 6,05-Aug,1,100,2,73,6.6,6.4
Female,Bachelor,Yes,Yes,Good,0-2,76-86,04-Jun,05-Aug,1,67.7,2,80.9,5,6
Female,Master,Yes,No,Fair,> 4,> 86,04-Jun,05-Aug,1,77.9,6,92.8,4.4,6.6
Male,Bachelor,No,Yes,Fair,> 4,66-76,04-Jun,05-Aug,1,80.3,5,70.3,4.7,7.6
Male,High School,No,No,Fair,> 4,76-86,02-Apr,0-5,1,54.7,5,77.2,2.3,5
Other,High School,No,No,Fair,0-2,76-86,02-Apr,05-Aug,2,73.25,0.5,81.1,3.65,7.2
Male,High School,Yes,Yes,Poor,02-Apr,> 86,04-Jun,05-Aug,1,73.7,3,95.3,4.5,7.6
Other,Master,No,No,Fair,0-2,> 86,04-Jun,05-Aug,1,77,0,91,4.9,7.7
Female,Bachelor,No,No,Poor,0-2,> 86,02-Apr,05-Aug,2,61.8,1.5,99.25,3.3,5.6
Female,Bachelor,No,No,Poor,> 4,> 86,04-Jun,05-Aug,2,93.95,5.5,94.6,4.9,6.55
Male,High School,No,No,Good,02-Apr,66-76,0-2,05-Aug,1,54,3,72.8,1.8,5.3
Male,Bachelor,Yes,No,Good,> 4,76-86,02-Apr,> 8,1,47,5,78.9,2.4,8.2
Male,High School,No,Yes,Good,0-2,> 86,02-Apr,> 8,1,81.1,2,89.6,3.3,8.3
Male,Bachelor,No,No,Fair,0-2,66-76,04-Jun,05-Aug,1,81.9,2,75.8,4.4,7
Male,Bachelor,Yes,No,Good,> 4,76-86,> 6,05-Aug,1,100,5,83.3,6.3,7.3
Female,High School,No,Yes,Good,02-Apr,76-86,04-Jun,05-Aug,1,81,4,85.8,5.3,5.4
Male,Bachelor,Yes,No,Poor,02-Apr,> 86,04-Jun,05-Aug,2,78,4,89.35,4.45,6.45
Female,Master,No,No,Fair,> 4,> 86,02-Apr,05-Aug,2,74.4,5.5,91.95,3.45,6.2
Male,Master,No,No,Fair,> 4,> 86,02-Apr,05-Aug,2,67.35,5.5,92.3,2.95,5.65
Male,High School,No,No,Fair,0-2,76-86,02-Apr,05-Aug,2,55.05,1,82.55,3.2,6.95
Female,None,No,Yes,Good,0-2,76-86,04-Jun,0-5,1,76,1,81.9,5.1,4.8
Male,High School,Yes,No,Poor,0-2,> 86,> 6,05-Aug,1,94.8,2,93.6,6.3,7.7
Male,Bachelor,No,No,Poor,> 4,> 86,04-Jun,05-Aug,1,99.3,6,90.5,5.8,7.9
Female,Bachelor,No,Yes,Fair,02-Apr,76-86,02-Apr,0-5,1,71,3,82.4,2.8,4.2
Female,Bachelor,No,Yes,Poor,> 4,> 86,0-2,05-Aug,1,70.9,6,95.8,1.8,7.7
Male,High School,Yes,Yes,Fair,0-2,76-86,02-Apr,05-Aug,1,59.8,1,83.7,3.7,5.5
Male,Bachelor,No,Yes,Good,0-2,76-86,0-2,05-Aug,1,36,2,76.5,0.8,7.5
Female,High School,No,No,Fair,> 4,76-86,02-Apr,05-Aug,1,68.4,6,77.4,4,6.4
Male,Bachelor,Yes,No,Poor,0-2,66-76,02-Apr,05-Aug,1,72.9,0,75.2,3.3,6.5
Male,High School,No,Yes,Fair,02-Apr,76-86,02-Apr,05-Aug,1,57.3,4,82.3,2.8,6.3
Male,Bachelor,Yes,Yes,Fair,> 4,> 86,0-2,05-Aug,1,50.3,6,97.3,1.1,8
Female,None,No,No,Poor,02-Apr,76-86,04-Jun,0-5,1,65.7,3,76.9,4.3,5
Female,High School,Yes,No,Good,0-2,> 86,02-Apr,05-Aug,3,70.93,2,88.43,3.03,6.5
Male,Bachelor,No,No,Good,> 4,76-86,0-2,05-Aug,1,63.6,6,78.4,1.7,7.8
Male,High School,No,No,Good,> 4,76-86,0-2,05-Aug,1,32.9,5,82.4,0,7.4
Male,Bachelor,No,No,Good,0-2,66-76,02-Apr,> 8,1,67.7,0,69.9,3.5,9.3
Female,Bachelor,No,No,Poor,02-Apr,76-86,> 6,05-Aug,1,100,4,82.8,6.2,5.9
Male,Bachelor,No,Yes,Good,0-2,76-86,04-Jun,05-Aug,1,96.8,0,83.1,6,7.6
Male,High School,Yes,No,Good,0-2,> 86,02-Apr,05-Aug,1,71,2,90.4,2.8,6.4
Male,Bachelor,No,No,Poor,02-Apr,66-76,04-Jun,05-Aug,1,64.2,4,73,4.2,6.5
Female,High School,No,No,Good,0-2,> 86,0-2,05-Aug,1,45.2,0,95.8,2,6
Male,Bachelor,Yes,No,Good,0-2,> 86,02-Apr,> 8,1,82.9,1,87.1,4,8.1
Male,High School,Yes,No,Good,02-Apr,> 86,04-Jun,05-Aug,1,73.2,3,87,4.6,5.9
Male,High School,No,No,Poor,0-2,76-86,04-Jun,0-5,2,73.55,2,84.1,4.8,4.55
Female,High School,No,Yes,Good,0-2,76-86,02-Apr,05-Aug,1,73,2,79.8,3.3,5.9
Female,None,No,Yes,Good,02-Apr,> 86,02-Apr,05-Aug,1,72.6,4,87.2,3.2,7.2
Female,High School,No,No,Good,0-2,> 86,02-Apr,> 8,1,45.2,0,89.8,2.2,8.2
Male,Bachelor,No,No,Fair,02-Apr,66-76,02-Apr,05-Aug,2,64.9,3.5,70.2,2.85,7.25
Female,Bachelor,No,No,Good,> 4,76-86,02-Apr,> 8,2,93,5,78.15,3.25,8.4
Male,High School,No,No,Fair,02-Apr,76-86,04-Jun,0-5,1,77.8,4,82.5,4.1,4.9
Male,Master,No,Yes,Fair,> 4,> 86,04-Jun,05-Aug,1,97.2,5,87.6,4.9,6
Female,Bachelor,Yes,Yes,Fair,02-Apr,> 86,02-Apr,05-Aug,1,71.9,4,96.9,2.3,6.2
Male,Master,Yes,No,Good,0-2,76-86,04-Jun,05-Aug,1,69.1,0,77.3,5.7,6.4
Male,Bachelor,Yes,No,Poor,02-Apr,76-86,02-Apr,05-Aug,1,59.6,3,80,3.1,6.6
Male,None,Yes,No,Good,0-2,76-86,02-Apr,05-Aug,1,48.3,2,77,2.4,6
Male,High School,Yes,No,Good,> 4,76-86,0-2,05-Aug,1,50.1,5,81.5,0,6.7
Female,None,No,No,Fair,0-2,> 86,04-Jun,05-Aug,1,74.9,1,92.7,4.8,6.4
Male,Bachelor,Yes,Yes,Good,> 4,66-76,04-Jun,05-Aug,1,85.6,6,74.5,4.6,5.4
Female,Bachelor,Yes,No,Poor,0-2,66-76,02-Apr,05-Aug,1,82.4,2,68,3.6,6.3
Male,Bachelor,No,No,Poor,02-Apr,76-86,0-2,05-Aug,1,34.3,4,81.7,1.2,6.5
Male,High School,No,Yes,Good,02-Apr,0-66,0-2,05-Aug,1,58.2,3,63,1.6,8
Female,High School,No,No,Good,0-2,0-66,02-Apr,05-Aug,1,73.7,2,65,3.9,5.1
Male,High School,No,Yes,Poor,02-Apr,76-86,0-2,05-Aug,1,60.3,3,85.3,1.5,5.6
Female,Bachelor,Yes,No,Poor,0-2,> 86,04-Jun,> 8,1,78.7,0,91.1,4.2,9.8
Male,None,Yes,Yes,Fair,02-Apr,> 86,02-Apr,05-Aug,1,68.3,4,88.8,3.4,5.3
Male,High School,No,No,Fair,02-Apr,> 86,0-2,0-5,1,49.9,3,86.7,1.1,4.9
Female,Bachelor,Yes,No,Fair,0-2,> 86,04-Jun,05-Aug,1,100,2,96.6,5.2,7.4
Female,None,Yes,No,Good,02-Apr,76-86,02-Apr,0-5,1,54.7,4,79.6,2.4,4
Female,Master,No,Yes,Fair,02-Apr,66-76,02-Apr,> 8,1,70.8,4,68.7,3.8,9.1
Female,None,Yes,No,Good,02-Apr,66-76,04-Jun,0-5,1,87.1,3,76,5.2,4.6
Female,High School,Yes,No,Fair,02-Apr,66-76,0-2,0-5,1,29.5,3,66.9,2,4.1
Female,High School,No,No,Good,0-2,76-86,02-Apr,0-5,2,45.05,0.5,79.45,3.15,4.35
Male,Bachelor,No,Yes,Fair,0-2,76-86,04-Jun,05-Aug,1,73,1,84.5,4.1,7.6
Female,Bachelor,No,Yes,Fair,> 4,66-76,02-Apr,05-Aug,1,75.1,5,75.7,2.9,7.3
Female,High School,No,No,Good,0-2,76-86,02-Apr,> 8,2,52.7,0.5,83.95,3.15,8.25
Male,Bachelor,No,No,Fair,0-2,66-76,02-Apr,> 8,1,67.6,2,70,3.6,8.6
Male,Bachelor,Yes,No,Poor,0-2,> 86,0-2,05-Aug,1,35.7,0,98.6,1.9,6.2
Female,Bachelor,No,No,Poor,02-Apr,76-86,0-2,0-5,1,29.9,4,82,0,3.7
Other,Master,No,No,Fair,0-2,76-86,04-Jun,05-Aug,1,70.7,0,80.1,4.2,5.5
Male,High School,No,No,Fair,02-Apr,66-76,0-2,05-Aug,1,26.2,3,72.6,0,6.2
Male,High School,Yes,No,Good,> 4,66-76,0-2,05-Aug,1,58.3,6,73.7,2,6.3
Male,High School,Yes,No,Good,02-Apr,66-76,04-Jun,05-Aug,1,78.4,4,74,4.4,7.8
Female,None,No,No,Good,0-2,76-86,> 6,05-Aug,1,100,1,84.3,6.6,8
Male,Master,Yes,No,Fair,0-2,> 86,02-Apr,05-Aug,1,66.8,2,89.3,3.5,6.3
Female,High School,No,No,Good,> 4,> 86,02-Apr,05-Aug,1,63.8,6,92.4,2.4,7.8
Female,Bachelor,No,No,Fair,02-Apr,0-66,04-Jun,05-Aug,1,82.7,4,62.5,5.6,6.6
Female,Master,No,Yes,Fair,02-Apr,76-86,02-Apr,05-Aug,1,66.8,3,79.4,2.3,6.6
Male,Master,Yes,No,Poor,02-Apr,76-86,02-Apr,> 8,1,64.9,4,79.1,2.8,9
Male,Bachelor,No,No,Good,02-Apr,76-86,02-Apr,0-5,1,63.1,3,78.8,2.1,4.8
Male,High School,No,Yes,Fair,0-2,66-76,02-Apr,05-Aug,2,61.45,0.5,72.1,3.7,5.85
Female,High School,Yes,No,Good,> 4,> 86,02-Apr,05-Aug,2,87.2,6,89.75,3.5,7.35
Female,High School,Yes,No,Fair,> 4,76-86,02-Apr,05-Aug,1,74,6,85.2,3.1,8
Female,Master,No,No,Poor,02-Apr,66-76,0-2,0-5,1,58.6,4,69.9,1.2,4.8
Male,Bachelor,No,Yes,Good,02-Apr,66-76,04-Jun,05-Aug,1,89.3,4,71.7,4.8,7.5
Female,Master,No,No,Poor,0-2,0-66,02-Apr,05-Aug,1,63.4,1,63.2,3.4,7.4
Male,Bachelor,No,Yes,Fair,> 4,76-86,02-Apr,0-5,1,46.7,5,78,3.2,4.2
Male,High School,No,Yes,Fair,> 4,> 86,> 6,05-Aug,1,100,5,86.6,8.3,6.5
Female,Master,No,Yes,Good,> 4,76-86,02-Apr,0-5,1,68.7,5,86,3.9,4.6
Male,High School,No,No,Good,02-Apr,> 86,02-Apr,05-Aug,3,63.77,3.33,92.83,2.57,6.37
Male,Master,No,No,Good,> 4,66-76,02-Apr,05-Aug,2,61.45,5.5,71.45,2.65,6.45
Female,High School,No,Yes,Poor,0-2,> 86,04-Jun,05-Aug,1,77.9,2,93,5.2,7.5
Male,High School,No,Yes,Fair,> 4,> 86,02-Apr,05-Aug,1,72.3,6,87.4,3.7,6.6
Female,Master,No,No,Fair,> 4,> 86,0-2,0-5,1,49.7,6,92.3,1.3,5
Male,Bachelor,No,Yes,Poor,02-Apr,66-76,04-Jun,05-Aug,1,80.9,3,66.1,4.9,7.6
Male,Master,No,Yes,Fair,0-2,> 86,02-Apr,0-5,1,44.5,1,88.1,2.5,4.8
Male,Master,No,Yes,Fair,0-2,66-76,> 6,05-Aug,1,85.3,2,73.1,6.3,6.9
Male,None,No,No,Fair,> 4,76-86,04-Jun,05-Aug,1,83.2,6,81,5.1,5.5
Male,High School,No,No,Fair,> 4,76-86,04-Jun,05-Aug,2,94.7,5.5,83.3,4.9,7.15
Female,Bachelor,Yes,No,Good,0-2,76-86,02-Apr,05-Aug,2,66.55,1,79.35,3.7,7.1
Male,Bachelor,Yes,No,Fair,0-2,76-86,04-Jun,> 8,1,96.1,1,85.1,4.8,8.1
Female,Bachelor,No,No,Poor,02-Apr,76-86,02-Apr,05-Aug,1,56.1,3,82.9,2.5,6
Male,High School,No,No,Poor,> 4,> 86,04-Jun,05-Aug,2,82.3,5.5,95,4.55,6.8
Male,Bachelor,No,Yes,Fair,> 4,76-86,02-Apr,05-Aug,1,52.6,6,79.7,3,7
Male,Bachelor,Yes,No,Good,> 4,76-86,02-Apr,05-Aug,2,61.45,6,79.3,2.95,6.35
Female,Master,Yes,No,Good,> 4,76-86,02-Apr,0-5,1,39.9,5,77.4,2.1,4.3
Female,High School,Yes,No,Good,> 4,76-86,> 6,05-Aug,1,97.7,5,77.9,6.6,6.9
Female,Bachelor,No,No,Good,> 4,> 86,0-2,05-Aug,2,48.15,5,93.05,1.8,5.85
Male,None,No,Yes,Good,> 4,76-86,02-Apr,0-5,1,55.9,5,81.2,3.5,5
Female,Master,No,No,Good,0-2,0-66,04-Jun,> 8,1,84.6,0,65.2,5.6,8.3
Male,Bachelor,No,No,Fair,02-Apr,66-76,04-Jun,05-Aug,1,76,3,73.2,4.2,6.2
Female,Bachelor,Yes,No,Fair,0-2,76-86,0-2,05-Aug,3,45.33,0.67,84.23,1.57,6.73
Female,None,No,No,Fair,0-2,> 86,02-Apr,> 8,1,69.4,0,94.3,3.2,8.1
Male,Bachelor,Yes,No,Fair,> 4,76-86,04-Jun,05-Aug,1,94.6,6,84.1,5,6.7
Male,Bachelor,Yes,Yes,Good,02-Apr,76-86,04-Jun,05-Aug,1,93.4,3,83.2,5.3,5.8
Female,High School,Yes,No,Good,02-Apr,> 86,> 6,05-Aug,1,100,3,91.6,7.4,7.1
Female,Master,Yes,No,Good,02-Apr,> 86,04-Jun,05-Aug,1,63.6,3,94.6,4.4,5.5
Male,High School,No,No,Good,0-2,76-86,02-Apr,> 8,1,67.8,2,77.3,3.8,8.1
Female,Bachelor,No,No,Poor,> 4,66-76,02-Apr,05-Aug,1,73.9,5,67.3,3,5.9
Male,High School,No,No,Fair,02-Apr,76-86,02-Apr,05-Aug,2,70.8,3,81.3,3.75,6.65
Male,Master,No,No,Fair,0-2,76-86,02-Apr,0-5,1,49.9,0,78.8,3.1,3.4
Female,High School,No,No,Good,> 4,> 86,02-Apr,0-5,1,73.9,6,86.1,3.8,4.7
Male,None,No,No,Fair,0-2,76-86,04-Jun,0-5,1,80.3,1,81.5,5.5,4.9
Male,Bachelor,No,Yes,Poor,0-2,76-86,04-Jun,05-Aug,1,83.3,0,78.9,5.2,6.1
Male,Bachelor,No,No,Fair,0-2,76-86,04-Jun,0-5,1,84.5,0,84.4,5.5,4.9
Female,None,Yes,No,Poor,02-Apr,> 86,0-2,05-Aug,1,34,3,88.4,0.3,7.1
Female,High School,No,Yes,Fair,0-2,76-86,02-Apr,05-Aug,2,59.6,0.5,85.1,2.45,6.35
Female,Bachelor,No,No,Fair,0-2,76-86,04-Jun,0-5,1,77.9,1,79,5.4,4.2
Female,None,Yes,No,Fair,02-Apr,76-86,02-Apr,05-Aug,1,72.9,3,78.7,3.5,6.3
Female,Master,No,No,Good,> 4,76-86,0-2,0-5,1,53.2,6,76.5,2,4.8
Female,None,No,No,Fair,0-2,76-86,02-Apr,05-Aug,1,57.3,1,79.6,2.7,7.6
Male,Bachelor,Yes,No,Fair,02-Apr,> 86,04-Jun,05-Aug,1,76.6,4,92.6,4.8,7.4
Female,High School,No,No,Poor,> 4,76-86,04-Jun,05-Aug,1,64.6,6,82.8,4.3,5.4
Male,Bachelor,Yes,Yes,Good,0-2,66-76,02-Apr,05-Aug,1,51.1,0,71.5,3.1,5.6
Other,High School,No,No,Fair,> 4,> 86,02-Apr,05-Aug,1,63,5,100,2.9,5.9
Female,None,Yes,No,Good,> 4,> 86,02-Apr,0-5,1,61.6,5,88.2,2.9,3.8
Male,High School,No,Yes,Good,02-Apr,66-76,02-Apr,05-Aug,2,53.2,3,69.1,2.65,6.1
Female,High School,Yes,No,Fair,> 4,76-86,04-Jun,05-Aug,1,87.1,5,80.6,5.9,6.2
Male,Bachelor,Yes,No,Good,02-Apr,> 86,04-Jun,05-Aug,1,80.9,3,100,5.3,5.2
Female,Bachelor,No,No,Fair,> 4,66-76,04-Jun,05-Aug,1,100,6,73.9,5.8,5.8
Female,Bachelor,No,No,Poor,0-2,> 86,04-Jun,0-5,1,79.6,0,94.8,5,4.7
Male,Bachelor,No,Yes,Good,0-2,> 86,02-Apr,05-Aug,1,71.2,2,99,2.9,5.3
Female,High School,Yes,No,Fair,0-2,66-76,02-Apr,05-Aug,1,44.1,0,74.6,2.1,5.7
Other,High School,No,No,Good,> 4,76-86,02-Apr,05-Aug,1,61.7,5,83,4,6.6
Female,Bachelor,Yes,No,Good,0-2,76-86,0-2,05-Aug,1,39.9,0,84.6,1.7,6
Male,High School,No,No,Good,02-Apr,> 86,04-Jun,0-5,1,84.1,4,91.6,5.3,5
Female,None,No,No,Fair,0-2,> 86,02-Apr,05-Aug,1,40.7,2,95.9,2.8,6.3
Male,High School,Yes,No,Fair,> 4,0-66,02-Apr,05-Aug,1,77,6,65.3,3.9,5.1
Male,Master,Yes,No,Good,0-2,> 86,04-Jun,05-Aug,1,80.9,2,87.9,4.4,5.5
Female,None,Yes,No,Good,0-2,> 86,02-Apr,05-Aug,1,47.4,0,87.5,2.8,5.9
Male,High School,Yes,Yes,Fair,> 4,76-86,04-Jun,05-Aug,2,83.7,5,81.95,4.65,6.7
Female,High School,No,Yes,Fair,0-2,> 86,> 6,05-Aug,1,85,0,88.8,6.4,6.1
Male,Bachelor,Yes,No,Good,0-2,76-86,0-2,05-Aug,1,40.4,1,81.3,2,6.7
Female,Bachelor,No,Yes,Good,> 4,76-86,02-Apr,0-5,1,58.9,5,80,2.5,3.6
Male,None,Yes,No,Good,02-Apr,> 86,02-Apr,05-Aug,2,82.2,3.5,97.6,3.6,6.3
Female,Bachelor,Yes,No,Good,02-Apr,76-86,02-Apr,05-Aug,1,74.7,3,83.2,4,7.7
Male,Bachelor,No,No,Good,0-2,76-86,04-Jun,05-Aug,2,78.75,1.5,78.75,4.3,6.55
Female,Master,Yes,No,Fair,> 4,> 86,02-Apr,0-5,1,54.1,5,89.5,3.1,4.1
Male,Master,Yes,Yes,Good,0-2,76-86,04-Jun,05-Aug,1,62.9,2,85.8,4.5,5.4
Male,High School,No,No,Fair,> 4,76-86,> 6,05-Aug,1,95.6,6,85.4,6.3,6.1
Female,High School,No,No,Poor,> 4,0-66,02-Apr,05-Aug,1,67.1,6,61.2,3.3,7.3
Male,Bachelor,No,No,Good,02-Apr,> 86,0-2,> 8,1,51.5,4,92.5,2,9.5
Female,High School,No,Yes,Good,> 4,> 86,04-Jun,05-Aug,1,97.9,5,86.3,5.2,6.2
Female,High School,No,Yes,Poor,0-2,> 86,02-Apr,0-5,1,67,1,89.3,3.3,4.8
Female,Master,Yes,Yes,Good,> 4,76-86,0-2,05-Aug,1,31.5,5,77.9,0.2,7
Female,High School,No,No,Good,> 4,76-86,04-Jun,> 8,1,88,5,81.2,4.8,8.1
Other,None,No,No,Fair,0-2,76-86,02-Apr,05-Aug,1,53.4,0,80.9,2.7,6.6
Male,Bachelor,Yes,No,Poor,0-2,> 86,02-Apr,05-Aug,2,72.65,1,93.85,3.55,7.05
Male,High School,Yes,No,Fair,0-2,> 86,04-Jun,05-Aug,1,60.1,0,89.3,4.6,5.3
Female,High School,No,No,Fair,> 4,66-76,02-Apr,05-Aug,1,70.3,6,72.2,2.8,7
Female,High School,No,Yes,Fair,02-Apr,76-86,04-Jun,05-Aug,1,79.8,3,83.7,4.3,7.7
Other,Bachelor,Yes,No,Good,0-2,76-86,02-Apr,05-Aug,1,66.6,0,78.5,3.1,7.9
Female,None,No,No,Good,02-Apr,0-66,04-Jun,05-Aug,1,91.7,3,63.1,4.6,6.4
Male,Master,No,Yes,Fair,02-Apr,> 86,04-Jun,05-Aug,1,70.1,3,100,4.4,6.1
Female,Master,No,No,Poor,0-2,> 86,04-Jun,0-5,1,79.3,0,90.3,5.1,5
Male,High School,Yes,No,Poor,> 4,> 86,02-Apr,05-Aug,1,63.9,5,86.7,2.7,7
Male,Bachelor,Yes,No,Good,02-Apr,66-76,04-Jun,0-5,1,93.1,3,71.2,4.7,4.9
Male,High School,Yes,No,Poor,> 4,76-86,04-Jun,05-Aug,2,89.55,5,79.4,4.6,7.4
Male,None,Yes,No,Fair,> 4,> 86,> 6,05-Aug,1,100,6,93.4,6.3,6.2
Male,Master,Yes,No,Good,> 4,66-76,02-Apr,05-Aug,1,61.8,6,74.5,3.2,8
Male,Master,Yes,No,Fair,0-2,0-66,02-Apr,05-Aug,1,51.5,1,59.7,3,7.1
Male,High School,No,No,Good,02-Apr,76-86,02-Apr,0-5,1,60.4,4,82.7,3.5,5
Male,Bachelor,No,No,Fair,> 4,76-86,02-Apr,> 8,1,67.2,5,83.6,3,8.2
Other,Bachelor,No,No,Poor,> 4,> 86,04-Jun,> 8,1,89.6,6,86.4,4.7,8.4
Male,Master,Yes,No,Fair,02-Apr,> 86,0-2,05-Aug,1,48.3,4,92.3,1.1,7.6
Female,Bachelor,Yes,Yes,Fair,02-Apr,> 86,0-2,05-Aug,1,44.4,4,87.6,1.9,6.1
Male,High School,No,Yes,Fair,02-Apr,> 86,04-Jun,05-Aug,1,77.2,4,97,4.9,6.7
Female,High School,Yes,Yes,Good,02-Apr,66-76,> 6,05-Aug,1,100,3,69.8,6.1,5.7
Female,Master,No,No,Good,> 4,> 86,02-Apr,> 8,1,73,5,90,3.3,8.5
Male,High School,No,No,Fair,02-Apr,> 86,02-Apr,05-Aug,1,68.5,3,91.3,3.2,6.7
Male,High School,No,No,Fair,0-2,66-76,02-Apr,0-5,1,61,1,72.6,3.6,3.3
Female,Bachelor,Yes,No,Fair,0-2,66-76,04-Jun,05-Aug,1,70.5,2,70,5.2,6.9
Female,Bachelor,No,No,Good,0-2,76-86,02-Apr,05-Aug,1,52.5,0,77.5,2.1,6.1
Male,High School,No,No,Good,02-Apr,76-86,02-Apr,05-Aug,1,62.8,3,78.4,3.9,6.4
Female,High School,Yes,Yes,Fair,02-Apr,> 86,04-Jun,05-Aug,1,83.5,3,92.5,5,6.1
Male,Master,No,No,Good,02-Apr,76-86,04-Jun,05-Aug,1,71.4,4,78.9,4.3,7.5
Male,Bachelor,No,No,Poor,> 4,76-86,04-Jun,05-Aug,1,75.4,6,78.9,5,6.8
Female,Bachelor,No,No,Poor,> 4,> 86,0-2,05-Aug,1,42,6,96.2,0,6.1
Female,High School,No,No,Fair,02-Apr,76-86,04-Jun,05-Aug,1,64,4,85.1,4.5,6.5
Female,Master,No,Yes,Fair,> 4,76-86,02-Apr,05-Aug,1,60.1,5,83.2,2.5,6.5
Female,Bachelor,No,Yes,Poor,02-Apr,76-86,0-2,05-Aug,1,34.7,3,83.9,0.8,5.5
Male,High School,No,Yes,Good,02-Apr,> 86,04-Jun,05-Aug,1,88,3,97.9,4.3,7.2
Male,Bachelor,No,No,Fair,02-Apr,> 86,02-Apr,> 8,1,66.1,3,98.2,3.3,8.3
Female,Master,Yes,Yes,Poor,0-2,76-86,04-Jun,05-Aug,1,86.4,2,83.4,5.9,5.7
Male,High School,Yes,No,Fair,0-2,66-76,04-Jun,05-Aug,1,90.2,0,74.4,6,5.4
Other,High School,Yes,No,Fair,0-2,76-86,04-Jun,05-Aug,1,80.2,0,81.5,4.6,7.3
Female,None,Yes,No,Poor,0-2,66-76,02-Apr,05-Aug,1,72.9,2,72.7,3.6,5.9
Female,None,No,No,Fair,02-Apr,> 86,0-2,05-Aug,1,35.8,3,94.5,1.1,5.3
Other,Master,Yes,No,Poor,02-Apr,> 86,02-Apr,05-Aug,1,72.8,4,100,3.1,6.8
Male,Bachelor,No,No,Good,> 4,> 86,02-Apr,0-5,1,67.6,6,100,2.2,3.3
Male,Bachelor,No,No,Good,0-2,> 86,> 6,0-5,1,93.1,1,97.2,6.8,4.4
Male,High School,No,No,Poor,> 4,66-76,04-Jun,05-Aug,1,77.4,5,68.3,4.3,6.1
Female,Master,No,No,Fair,0-2,> 86,02-Apr,0-5,1,69.6,2,100,3.6,4.6
Male,Master,No,No,Fair,0-2,76-86,02-Apr,05-Aug,1,69.3,0,80.1,2.6,7
Female,Bachelor,No,No,Fair,02-Apr,> 86,02-Apr,05-Aug,1,85.7,3,98.3,3.8,7.2
Female,High School,No,No,Good,> 4,66-76,02-Apr,05-Aug,1,53.9,6,75.3,2.4,6.5
Male,Bachelor,Yes,No,Good,0-2,76-86,02-Apr,05-Aug,1,61.4,0,84.4,2.9,6.2
Male,High School,No,No,Good,0-2,66-76,02-Apr,0-5,1,45.1,1,70.5,2.5,4.8
Female,None,No,No,Fair,0-2,76-86,0-2,05-Aug,1,39.8,2,85.8,1.4,6.4
Female,Master,No,No,Good,0-2,> 86,02-Apr,05-Aug,1,70.7,0,95.5,3.4,7.8
Female,Master,No,No,Good,02-Apr,> 86,04-Jun,> 8,1,93,4,92.8,4.6,8.2
Female,Bachelor,Yes,No,Good,> 4,66-76,02-Apr,05-Aug,1,83.2,5,74.5,3.6,6.1
Female,High School,Yes,No,Poor,> 4,76-86,0-2,> 8,1,46.6,5,84.7,1.3,8.1
Male,Bachelor,No,No,Fair,0-2,> 86,02-Apr,> 8,1,78.3,2,92.5,2.4,8.3
Male,Master,Yes,No,Fair,02-Apr,76-86,02-Apr,05-Aug,1,70.7,4,85.3,4,6.5
Male,High School,No,Yes,Fair,> 4,> 86,04-Jun,05-Aug,1,82.6,6,91.9,5.5,7.3
Female,Master,Yes,No,Good,0-2,> 86,0-2,> 8,1,50.3,1,95.9,0.7,8.3
Male,Master,Yes,No,Good,0-2,66-76,04-Jun,05-Aug,1,83.7,2,75,4.5,8
Female,High School,No,No,Poor,> 4,76-86,02-Apr,05-Aug,1,76.8,5,85,3.8,6.3
Male,Master,No,No,Poor,0-2,76-86,02-Apr,0-5,1,45.8,1,79.7,2.4,4.9
Female,Bachelor,Yes,No,Fair,0-2,76-86,02-Apr,> 8,1,58.4,2,81.6,3,9.1
Female,None,Yes,No,Fair,> 4,76-86,02-Apr,05-Aug,1,70.3,6,81.3,2.3,5.9
Female,Master,Yes,Yes,Fair,0-2,66-76,04-Jun,05-Aug,1,99.4,1,75.2,5.1,6.7
Female,High School,No,No,Poor,02-Apr,0-66,02-Apr,05-Aug,1,62.9,3,65.4,3.5,7.9
Female,High School,No,Yes,Good,0-2,76-86,> 6,05-Aug,1,98,0,78.3,6.4,5.8
Female,High School,Yes,No,Fair,> 4,66-76,02-Apr,05-Aug,1,50.4,5,71.5,2.4,6.8
Female,High School,No,No,Fair,> 4,76-86,0-2,0-5,1,49.4,6,85.2,1.2,4.3
Male,Bachelor,Yes,No,Fair,02-Apr,> 86,0-2,05-Aug,1,35.3,3,100,0.8,6.2
Female,None,Yes,Yes,Good,0-2,> 86,0-2,05-Aug,1,46.3,2,95.2,1.1,6.8
Female,High School,No,No,Poor,0-2,> 86,02-Apr,05-Aug,2,66,2,95.8,3.25,6.75
Female,None,No,No,Poor,> 4,> 86,04-Jun,0-5,1,84.2,6,88.9,4.3,4.6
Female,High School,Yes,No,Good,02-Apr,> 86,0-2,> 8,1,54.6,3,96.7,1.1,8.4
Female,Bachelor,No,No,Fair,> 4,76-86,04-Jun,05-Aug,2,79.9,5.5,78.65,4.85,6.8
Female,Bachelor,No,No,Fair,0-2,76-86,02-Apr,> 8,1,61.5,0,78.6,2.8,8.2
Female,Master,No,Yes,Good,0-2,0-66,02-Apr,05-Aug,1,75.7,0,57.6,3.7,6.2
Male,Bachelor,No,Yes,Good,02-Apr,76-86,0-2,> 8,1,36.1,3,77.5,0.3,8.3
Female,Bachelor,Yes,No,Fair,0-2,> 86,02-Apr,05-Aug,2,58.75,1,87.6,2.25,5.5
Female,Master,No,Yes,Good,02-Apr,> 86,02-Apr,0-5,1,74.8,3,96.2,3.2,4.3
Male,Bachelor,Yes,No,Good,02-Apr,66-76,0-2,> 8,1,73.6,4,67.6,2,8.1
Male,Bachelor,No,No,Good,02-Apr,76-86,02-Apr,05-Aug,1,62.5,3,82.2,3.6,5.8
Male,None,Yes,No,Fair,02-Apr,> 86,02-Apr,0-5,1,76.3,4,86.1,3.2,4.4
Female,High School,No,No,Fair,02-Apr,> 86,02-Apr,> 8,1,75.6,4,89.6,2.5,8.6
Male,High School,No,No,Fair,02-Apr,76-86,02-Apr,0-5,1,64.4,4,83.1,3.8,5
Female,None,Yes,Yes,Good,0-2,76-86,0-2,05-Aug,1,50.4,2,82.9,1.9,7.6
Female,High School,Yes,No,Fair,> 4,> 86,04-Jun,05-Aug,2,88.15,6,93.8,5.55,6.1
Male,Bachelor,No,No,Good,0-2,> 86,02-Apr,0-5,1,69.9,1,87.2,3.5,4.5
Female,Master,Yes,No,Good,0-2,66-76,04-Jun,05-Aug,1,88.9,2,72.3,4.6,5.5
Other,High School,Yes,No,Good,0-2,76-86,02-Apr,05-Aug,1,70.4,2,81.2,3.8,6.7
Male,Master,Yes,No,Poor,02-Apr,76-86,02-Apr,05-Aug,1,84.9,3,85.4,3.9,6.7
Female,Bachelor,No,No,Good,02-Apr,> 86,0-2,0-5,1,37.4,4,95.4,1.8,5
Male,None,No,No,Good,02-Apr,76-86,02-Apr,> 8,1,73.8,3,85.9,3.7,9.1
Female,Master,Yes,Yes,Good,0-2,76-86,02-Apr,05-Aug,1,53.4,0,79.9,3.5,7.4
Female,Bachelor,No,No,Good,0-2,0-66,02-Apr,05-Aug,1,64.2,2,59.5,3.2,6.5
Other,None,No,No,Poor,> 4,76-86,02-Apr,05-Aug,1,70.4,6,83.3,3.3,7.8
Male,None,No,No,Poor,> 4,76-86,0-2,> 8,1,51.5,6,81.7,0.7,9.3
Female,None,No,No,Poor,02-Apr,> 86,02-Apr,0-5,1,53.4,4,88.9,2.7,4.8
Female,High School,No,Yes,Fair,02-Apr,76-86,02-Apr,05-Aug,1,77.2,4,83.5,3.6,6.2
Male,Bachelor,Yes,No,Fair,02-Apr,76-86,02-Apr,0-5,2,62.1,3,80.4,3.6,3.55
Female,Bachelor,No,No,Poor,> 4,66-76,0-2,05-Aug,1,55.4,6,67.2,2,6.7
Female,High School,No,Yes,Fair,0-2,66-76,04-Jun,05-Aug,1,69.9,0,75.6,5.4,6.9
Male,Master,No,Yes,Poor,> 4,> 86,02-Apr,05-Aug,1,71.6,5,89.8,2.2,6.5
Female,None,No,No,Fair,> 4,76-86,04-Jun,0-5,1,72.4,6,84,4.1,4
Male,High School,No,Yes,Fair,0-2,> 86,02-Apr,05-Aug,1,70.5,1,88.3,2.5,6.9
Female,Bachelor,No,No,Fair,> 4,> 86,> 6,> 8,1,100,5,94.5,6.2,8.2
Male,High School,Yes,No,Good,02-Apr,76-86,0-2,05-Aug,1,37.4,4,76.9,1.7,5.8
Female,High School,No,No,Fair,> 4,> 86,04-Jun,05-Aug,1,88.7,5,88.7,4.9,7
Male,High School,No,No,Fair,> 4,76-86,04-Jun,0-5,1,88.6,6,77.6,5,4.6
Female,Bachelor,No,No,Good,02-Apr,> 86,02-Apr,05-Aug,1,68.5,4,93.6,2.5,7
Other,Master,No,No,Fair,> 4,> 86,04-Jun,05-Aug,1,100,5,86.5,5.6,6
Other,High School,No,No,Good,02-Apr,> 86,02-Apr,05-Aug,1,66.9,4,88,3.1,5.6
Female,High School,No,No,Fair,02-Apr,76-86,02-Apr,05-Aug,2,71.2,4,78.15,3.6,5.9
Male,High School,Yes,No,Good,02-Apr,66-76,04-Jun,0-5,1,96.4,4,74.9,4.7,4.9
Male,Master,No,No,Fair,0-2,76-86,04-Jun,05-Aug,2,71.15,1,82.45,4.5,5.85
Male,Bachelor,No,Yes,Poor,> 4,> 86,0-2,05-Aug,1,37.9,6,87.3,0.9,6.5
Female,Bachelor,Yes,No,Fair,0-2,76-86,0-2,> 8,1,52.6,1,79.4,1,8.7
Female,Master,No,No,Poor,0-2,0-66,04-Jun,05-Aug,1,83.6,2,56.7,5,5.5
Male,Bachelor,No,No,Good,02-Apr,> 86,04-Jun,05-Aug,1,92,4,98.6,5.2,5.7
Male,None,No,No,Good,02-Apr,> 86,0-2,05-Aug,1,53.2,4,92.6,1.9,5.3
Other,High School,Yes,No,Poor,02-Apr,66-76,02-Apr,> 8,1,56.4,4,67.6,2.9,8.7
Male,High School,No,No,Fair,> 4,76-86,0-2,05-Aug,1,58.1,5,78.9,1.8,7.2
Male,Bachelor,No,Yes,Fair,02-Apr,> 86,02-Apr,05-Aug,1,98.7,4,99.5,3,7.8
Female,Bachelor,No,Yes,Fair,0-2,> 86,04-Jun,05-Aug,1,83.3,1,94.4,4.7,6.7
Female,Bachelor,Yes,No,Fair,0-2,76-86,04-Jun,05-Aug,1,80.6,0,83.2,5.5,6.8
Male,Master,No,No,Good,0-2,76-86,04-Jun,05-Aug,1,91.3,0,85.8,5.6,6.1
Male,High School,Yes,No,Good,0-2,76-86,02-Apr,05-Aug,1,63.5,2,83.7,2.7,5.6
Female,Master,Yes,Yes,Good,0-2,> 86,02-Apr,05-Aug,1,66.3,1,96.3,3.2,6.9
Female,Bachelor,No,No,Poor,02-Apr,76-86,0-2,05-Aug,1,49.9,4,76.2,1,5.8
Male,High School,No,Yes,Fair,0-2,76-86,02-Apr,> 8,1,68.9,0,76.9,2.3,8.7
Female,Bachelor,No,Yes,Good,02-Apr,> 86,04-Jun,0-5,2,76.3,3,93.5,4.6,5
Male,High School,No,Yes,Poor,02-Apr,76-86,04-Jun,> 8,1,100,3,84.6,5.9,8.3
Male,Bachelor,No,No,Good,02-Apr,> 86,0-2,05-Aug,1,58.6,3,98.8,1.6,6.4
Male,High School,Yes,No,Poor,02-Apr,76-86,02-Apr,05-Aug,1,70.5,4,84.5,3.5,7.5
Female,Bachelor,No,No,Good,0-2,66-76,02-Apr,05-Aug,2,53.75,1,71.45,3.6,6.25
Male,Bachelor,Yes,Yes,Fair,> 4,76-86,02-Apr,05-Aug,1,77.4,6,85.1,2.3,7.5
Male,High School,No,No,Good,0-2,66-76,04-Jun,0-5,1,57.4,2,70.2,4.1,3.3
Other,None,Yes,No,Fair,0-2,76-86,02-Apr,05-Aug,1,59.9,2,80.1,2.8,5.6
Male,High School,No,No,Fair,> 4,66-76,02-Apr,05-Aug,1,66.7,5,70.6,3.5,5.4
Male,Master,No,No,Poor,02-Apr,66-76,02-Apr,05-Aug,1,62.6,3,67.7,2.8,7
Male,Bachelor,No,No,Fair,0-2,> 86,02-Apr,05-Aug,2,72.05,1,99.15,2.8,6.75
Female,Bachelor,No,No,Poor,02-Apr,> 86,02-Apr,05-Aug,1,75.2,4,100,3.4,6.8
Male,High School,No,Yes,Fair,0-2,76-86,02-Apr,05-Aug,1,50.1,1,85.5,2.9,5.7
Male,High School,Yes,Yes,Fair,0-2,> 86,04-Jun,05-Aug,1,72.7,0,100,5.9,6.6
Other,High School,Yes,No,Fair,0-2,66-76,04-Jun,05-Aug,1,76,2,71.8,4.3,7.6
Male,Bachelor,Yes,No,Poor,> 4,76-86,02-Apr,05-Aug,1,74.1,6,85.2,3.1,7.4
Female,None,Yes,Yes,Poor,02-Apr,> 86,04-Jun,05-Aug,1,79,3,86.8,4.5,6.5
Female,High School,Yes,Yes,Good,> 4,76-86,04-Jun,05-Aug,1,76.4,6,80,4.1,5.8
Female,High School,Yes,No,Poor,02-Apr,66-76,02-Apr,05-Aug,1,52.6,3,75.5,3.3,6.1
Female,Master,No,No,Good,0-2,76-86,04-Jun,05-Aug,1,74,2,81.6,4.2,6.8
Male,Bachelor,No,No,Good,02-Apr,66-76,0-2,05-Aug,1,42.6,3,74.9,1.1,7.4
Male,High School,No,No,Good,0-2,76-86,0-2,05-Aug,1,49.8,2,85.5,1.8,6.4
Female,High School,No,No,Good,> 4,76-86,0-2,05-Aug,1,45.7,5,79.4,1.7,6.5
Female,Bachelor,No,No,Poor,> 4,> 86,> 6,05-Aug,1,98.5,6,97.6,6.1,5.9
Female,High School,No,No,Fair,0-2,76-86,> 6,05-Aug,1,96.2,0,80,6.8,5.4
Male,High School,Yes,Yes,Good,02-Apr,66-76,04-Jun,0-5,1,71.3,3,72.3,4.5,4.4
Female,Bachelor,No,No,Good,02-Apr,76-86,0-2,05-Aug,1,51.8,4,85.7,0.8,7.1
Male,Master,No,Yes,Poor,0-2,66-76,02-Apr,05-Aug,1,59.3,2,67.5,2.7,5.7
Male,Bachelor,No,No,Good,02-Apr,> 86,02-Apr,05-Aug,1,58.5,4,88.3,2.3,6.2
Female,Master,Yes,No,Fair,0-2,66-76,02-Apr,05-Aug,1,44.5,0,74.5,2.6,7.1
Male,High School,Yes,No,Fair,0-2,> 86,02-Apr,05-Aug,2,66.25,1.5,100,3.25,6.65
Female,Bachelor,Yes,Yes,Fair,0-2,> 86,02-Apr,05-Aug,1,54.9,1,90.2,2.8,5.2
Male,None,Yes,Yes,Good,02-Apr,76-86,0-2,05-Aug,1,30.2,4,81,0.5,7.7
Male,Master,No,Yes,Poor,0-2,76-86,02-Apr,05-Aug,1,44.1,1,82.8,2.1,6.3
Male,None,No,No,Poor,02-Apr,76-86,0-2,0-5,1,30.5,3,85.6,0,3.8
Male,Bachelor,No,No,Poor,0-2,76-86,02-Apr,0-5,1,63.7,0,79,3.1,4.8
Female,High School,No,No,Fair,0-2,76-86,04-Jun,05-Aug,1,74,1,81.6,5.2,6.2
Male,High School,No,No,Fair,> 4,0-66,> 6,05-Aug,1,98.8,6,64.1,6.4,5.1
Female,High School,No,No,Good,> 4,> 86,04-Jun,05-Aug,2,89.15,5,89.05,4.85,6.35
Female,Master,No,No,Poor,> 4,76-86,02-Apr,> 8,1,73,5,77.3,2.8,8.3
Female,Bachelor,No,Yes,Fair,> 4,76-86,> 6,05-Aug,1,100,6,85.9,7.5,7.8
Male,Bachelor,No,No,Fair,0-2,66-76,0-2,> 8,1,36.2,2,74.6,1.2,8.2
Male,High School,No,No,Poor,0-2,> 86,02-Apr,> 8,1,65.6,0,93.6,3.9,8.2
Other,High School,Yes,Yes,Poor,02-Apr,> 86,04-Jun,05-Aug,1,87.5,3,89,4.2,6.8
Male,Bachelor,No,No,Good,02-Apr,> 86,04-Jun,0-5,1,100,4,88.9,5.1,4.1
Female,Bachelor,No,Yes,Good,> 4,76-86,02-Apr,05-Aug,1,85.6,6,80.7,3.6,7.1
Female,Bachelor,No,No,Fair,02-Apr,76-86,02-Apr,05-Aug,2,61.95,3.5,83.1,2.6,6
Female,None,No,Yes,Fair,0-2,> 86,02-Apr,> 8,1,56,0,90.6,3.9,8.6
Male,High School,No,No,Good,0-2,0-66,02-Apr,05-Aug,1,77.9,2,66,3,7.5
Female,None,No,No,Poor,02-Apr,> 86,02-Apr,05-Aug,1,68.4,3,100,2.9,7.8
Male,Master,No,No,Fair,> 4,76-86,04-Jun,05-Aug,1,82.8,6,80.5,5.2,5.9
Male,Master,No,No,Fair,0-2,0-66,0-2,05-Aug,1,31.5,0,62.9,0.8,5.5
Female,Master,No,No,Fair,02-Apr,76-86,02-Apr,> 8,1,49.4,3,84.5,2.5,8.6
Female,Bachelor,No,No,Poor,> 4,76-86,02-Apr,> 8,1,80.3,5,83.6,2.6,8.5
Male,None,Yes,No,Good,> 4,76-86,04-Jun,05-Aug,1,89.7,5,85.4,5.6,5.4
Male,Bachelor,Yes,No,Poor,02-Apr,> 86,0-2,05-Aug,1,33.6,3,95.2,0.3,6.7
Male,Master,Yes,No,Poor,0-2,76-86,> 6,05-Aug,1,100,2,83.1,8.2,5.7
Male,Bachelor,Yes,No,Good,02-Apr,> 86,02-Apr,05-Aug,1,86.1,4,90.8,3.4,7.5
Female,Master,No,No,Fair,0-2,> 86,02-Apr,05-Aug,3,62.3,1.33,93.67,3.67,6.6
Male,None,No,No,Fair,02-Apr,76-86,04-Jun,> 8,1,82.9,4,78.7,4.3,10
Female,High School,Yes,Yes,Good,0-2,> 86,04-Jun,0-5,1,59,2,88.4,4.3,4.4
Female,Bachelor,Yes,No,Good,0-2,76-86,02-Apr,0-5,1,40.3,1,85.2,3.2,4.6
Female,High School,Yes,No,Poor,0-2,66-76,02-Apr,0-5,1,65.2,2,70.3,3.3,4.7
Male,High School,No,No,Good,0-2,76-86,04-Jun,05-Aug,1,80.7,1,81.2,4.4,5.4
Female,High School,No,Yes,Good,02-Apr,> 86,0-2,05-Aug,1,53,4,87,0,7.1
Female,High School,No,No,Poor,> 4,66-76,02-Apr,05-Aug,1,65.5,5,75.2,3.8,6.3
Female,Master,No,No,Poor,0-2,66-76,02-Apr,05-Aug,1,43.5,1,72.7,2.9,5.6
Female,High School,Yes,No,Good,> 4,66-76,04-Jun,05-Aug,1,88.2,6,71.4,4.9,6.9
Male,Bachelor,Yes,No,Fair,> 4,76-86,02-Apr,0-5,1,48.5,6,83,2.3,4.2
Male,Bachelor,No,No,Fair,0-2,66-76,04-Jun,0-5,1,67.3,0,74.6,4.1,3.6
Male,Master,No,No,Fair,0-2,> 86,0-2,05-Aug,1,50.7,1,90.7,2,6.9
Male,Master,No,No,Good,02-Apr,76-86,0-2,05-Aug,1,35.4,3,81.7,1.4,7.1
Female,Bachelor,No,No,Poor,0-2,76-86,02-Apr,> 8,1,49.1,0,79.8,2.6,9
Other,None,No,No,Poor,0-2,76-86,04-Jun,05-Aug,1,83.9,0,85.3,4.9,7.5
Male,High School,No,Yes,Good,0-2,> 86,04-Jun,05-Aug,1,90.4,0,90.2,4.3,6.3
Male,High School,No,No,Poor,02-Apr,66-76,04-Jun,05-Aug,1,87.8,4,75.2,4.6,6.9
Female,Bachelor,No,No,Fair,> 4,> 86,02-Apr,0-5,1,58.2,6,86.1,2.5,4
Female,None,Yes,No,Poor,02-Apr,76-86,04-Jun,05-Aug,1,73.2,3,81.8,4.1,7
Female,Bachelor,No,No,Good,> 4,> 86,04-Jun,> 8,1,83.5,5,91.3,4.7,9.1
Female,High School,Yes,No,Poor,> 4,76-86,04-Jun,05-Aug,1,77.6,5,84.2,4.6,6.8
Male,High School,Yes,Yes,Fair,> 4,> 86,04-Jun,> 8,1,98.4,5,87.1,5.3,8.5
Other,Bachelor,No,No,Poor,> 4,66-76,04-Jun,05-Aug,1,78.5,6,68.8,4.6,5.7
Other,High School,Yes,Yes,Fair,0-2,> 86,02-Apr,05-Aug,1,81.1,2,100,4,6.5
Male,None,Yes,No,Fair,> 4,> 86,02-Apr,0-5,1,58.7,5,92,3.5,3.8
Male,Bachelor,Yes,No,Fair,02-Apr,> 86,02-Apr,05-Aug,2,67.9,3.5,88.85,3.4,5.9
Male,High School,No,Yes,Fair,> 4,76-86,02-Apr,05-Aug,1,62.6,5,81.4,3.3,6.9
Female,Master,No,Yes,Fair,02-Apr,> 86,02-Apr,05-Aug,1,60.6,4,92,3,6.3
Female,High School,Yes,Yes,Fair,0-2,66-76,0-2,05-Aug,1,47.2,2,72.7,0.7,7.9
Male,High School,Yes,No,Poor,> 4,76-86,02-Apr,05-Aug,1,78.1,6,78.2,3.8,6.5
Male,Bachelor,No,No,Fair,02-Apr,> 86,04-Jun,05-Aug,1,98.7,3,90.9,4.9,6
Female,High School,Yes,No,Good,> 4,76-86,0-2,05-Aug,1,49.2,5,83.9,1.1,7.7
Female,Bachelor,No,No,Poor,> 4,> 86,02-Apr,05-Aug,1,67.4,5,100,2.4,5.1
Female,Master,Yes,No,Good,> 4,76-86,02-Apr,05-Aug,1,68.4,6,85.9,2.1,7.3
Female,High School,No,No,Fair,> 4,0-66,02-Apr,05-Aug,1,56.1,6,59.9,3.2,6
Female,High School,Yes,Yes,Fair,0-2,> 86,02-Apr,05-Aug,1,81.5,2,88,3.1,7.6
Male,Master,Yes,Yes,Poor,> 4,> 86,0-2,05-Aug,1,45,5,86.4,0.5,5.8
Female,High School,No,No,Good,0-2,76-86,0-2,> 8,1,36.8,1,83.9,1.6,8.2
Female,High School,Yes,No,Poor,0-2,> 86,02-Apr,> 8,1,65.6,1,100,3.6,8.3
Male,Bachelor,Yes,No,Fair,02-Apr,76-86,02-Apr,> 8,1,93.5,4,82.4,3.9,8.4
Female,High School,Yes,No,Good,0-2,76-86,0-2,05-Aug,1,42.3,0,78.5,1.5,8
Female,High School,Yes,Yes,Fair,0-2,> 86,0-2,05-Aug,1,53.3,1,88,0,5.4
Male,Master,No,No,Good,0-2,76-86,02-Apr,05-Aug,2,77.7,1.5,80.5,3.9,6.6
Female,Bachelor,Yes,No,Fair,02-Apr,76-86,> 6,0-5,1,87.9,3,80.9,6.2,3.7
Female,Bachelor,No,No,Poor,> 4,> 86,04-Jun,> 8,1,94.5,6,100,5.4,8.5
Male,Master,No,Yes,Fair,02-Apr,> 86,02-Apr,05-Aug,1,74.6,4,86.4,2.8,6.3
Other,High School,No,Yes,Good,0-2,0-66,04-Jun,05-Aug,1,67.5,1,62,4.7,5.4
Male,Master,Yes,Yes,Poor,02-Apr,76-86,0-2,05-Aug,1,66.5,3,81.4,2,7.3
Female,High School,No,No,Fair,0-2,76-86,04-Jun,0-5,1,84.9,1,82.7,4.3,4.9
Male,Master,No,No,Fair,0-2,> 86,04-Jun,05-Aug,1,96.6,0,96,5.1,7
Female,High School,No,No,Poor,0-2,> 86,> 6,0-5,1,100,0,99.4,7.6,4.8
Male,Bachelor,No,Yes,Fair,02-Apr,0-66,02-Apr,0-5,1,60,4,60.6,3.5,4.8
Male,Bachelor,No,No,Fair,0-2,76-86,02-Apr,0-5,1,41.6,1,76.9,2.5,4.1
Male,Master,No,Yes,Fair,02-Apr,> 86,02-Apr,0-5,1,45.5,3,86.8,2.9,4.7
Other,Bachelor,No,No,Fair,02-Apr,66-76,02-Apr,05-Aug,1,68.2,4,72.5,2.7,6.5
Female,Master,No,No,Good,0-2,76-86,02-Apr,> 8,1,40.9,0,85.3,2.3,8.9
Male,High School,No,No,Fair,> 4,> 86,04-Jun,> 8,1,100,6,87.7,5.2,8.7
Female,High School,Yes,No,Fair,02-Apr,66-76,02-Apr,05-Aug,1,65.6,4,73.9,3.5,5.5
Male,None,No,No,Good,> 4,> 86,02-Apr,05-Aug,1,75.9,5,97,3.5,7.2
Other,Bachelor,Yes,Yes,Fair,02-Apr,76-86,02-Apr,05-Aug,1,69.8,4,79,3,7.4
Male,High School,No,Yes,Fair,> 4,76-86,04-Jun,0-5,1,84.5,5,83.9,4.7,4.7
Male,High School,Yes,Yes,Good,> 4,76-86,02-Apr,05-Aug,1,65.6,5,85.3,2.2,6.5
Male,Bachelor,Yes,Yes,Good,0-2,76-86,0-2,05-Aug,1,45.4,1,82.6,1.5,7
Male,High School,No,Yes,Good,> 4,66-76,02-Apr,05-Aug,1,58.4,6,74,2.8,5.1
Male,High School,Yes,No,Good,0-2,> 86,04-Jun,05-Aug,1,70.8,1,93.2,4.8,6.6
Female,None,No,No,Poor,0-2,76-86,02-Apr,05-Aug,1,55.7,0,80.8,3.8,5.1
Male,Master,Yes,No,Poor,0-2,0-66,04-Jun,05-Aug,1,82.1,0,66,4.8,7.6
Male,High School,Yes,No,Fair,> 4,> 86,02-Apr,0-5,1,71.4,6,99.4,3.3,4.4
Male,Master,No,No,Fair,02-Apr,66-76,04-Jun,05-Aug,1,66.7,3,72.7,4.1,5.8
Female,High School,Yes,Yes,Poor,0-2,> 86,02-Apr,05-Aug,1,73,1,88.6,3.9,5.7
Male,Bachelor,Yes,Yes,Good,> 4,66-76,02-Apr,05-Aug,1,53.9,5,73,2.6,5.8
Female,Bachelor,No,Yes,Fair,02-Apr,66-76,0-2,> 8,1,43.4,3,70.1,0,8.7
Female,High School,No,No,Fair,0-2,0-66,02-Apr,05-Aug,1,55.4,1,63.8,3.3,5.5
Female,Bachelor,No,Yes,Fair,02-Apr,> 86,04-Jun,> 8,1,100,4,92.2,5.6,9.4
Male,None,No,No,Fair,0-2,66-76,04-Jun,05-Aug,1,83.9,2,75.1,5.4,7.1
Male,High School,No,No,Poor,> 4,66-76,02-Apr,> 8,1,89.1,6,75.8,3.6,9.5
Male,High School,No,Yes,Good,02-Apr,76-86,02-Apr,05-Aug,1,53.5,3,79.3,3.8,5.3
Female,Bachelor,No,Yes,Good,> 4,> 86,02-Apr,05-Aug,1,72.9,6,87.4,2.6,5.2
Female,High School,No,No,Fair,0-2,76-86,02-Apr,05-Aug,1,61,0,80.3,3,5.6
Male,High School,No,No,Good,> 4,66-76,04-Jun,0-5,1,77.2,5,75.2,5.3,4.4
Male,Bachelor,No,Yes,Poor,> 4,66-76,02-Apr,05-Aug,1,71.9,5,71.2,3.3,6.5
Female,High School,Yes,No,Good,02-Apr,66-76,02-Apr,> 8,1,74.7,3,67,2.8,8.5
Male,None,No,Yes,Good,02-Apr,0-66,02-Apr,05-Aug,1,74.5,3,62.8,3.5,6.7
Female,None,No,No,Fair,> 4,76-86,04-Jun,05-Aug,1,85.4,6,79.8,4.4,6.1
Male,Master,Yes,No,Poor,> 4,76-86,0-2,05-Aug,1,44.3,5,82,1.3,5.8
Male,High School,No,No,Poor,> 4,76-86,0-2,05-Aug,1,53.4,5,78.7,0.1,7.6
Other,Bachelor,Yes,Yes,Poor,> 4,> 86,02-Apr,05-Aug,1,57.4,5,97.4,2.7,5.5
Other,None,No,Yes,Good,0-2,> 86,0-2,> 8,1,53.6,1,97.3,1.7,8.7
Male,High School,Yes,No,Fair,> 4,76-86,02-Apr,> 8,1,58.8,5,81.7,2.7,8.8
Female,High School,No,No,Good,> 4,76-86,02-Apr,05-Aug,1,65.6,5,79.3,2.8,6.5
Female,Master,Yes,No,Good,0-2,76-86,04-Jun,05-Aug,1,89.8,0,79,5.7,7.7
Female,Bachelor,Yes,Yes,Poor,02-Apr,76-86,02-Apr,05-Aug,1,68.8,3,78,4,5.5
Female,High School,No,No,Good,0-2,76-86,0-2,0-5,1,47.5,1,81.1,1.8,4.9
Male,Master,No,Yes,Poor,0-2,> 86,02-Apr,05-Aug,1,62,1,87.1,3.4,7.3
Male,Bachelor,Yes,No,Good,> 4,> 86,04-Jun,0-5,1,66.1,5,88.6,4.5,4.9
Female,Bachelor,No,No,Good,> 4,66-76,0-2,05-Aug,1,41.7,6,75.9,1.9,6
Male,High School,No,No,Fair,0-2,> 86,0-2,0-5,1,28,1,97.7,1.2,4.9
Female,None,No,No,Good,02-Apr,66-76,04-Jun,05-Aug,1,71,3,75.2,4.7,5.4
Other,Master,No,Yes,Good,0-2,66-76,04-Jun,05-Aug,1,67.5,0,68.8,4.1,7.2
Male,High School,No,No,Fair,> 4,> 86,02-Apr,05-Aug,2,72.9,6,93.15,2.65,6.2
Female,High School,No,No,Poor,02-Apr,76-86,02-Apr,05-Aug,1,50.2,3,76.8,2.2,6.1
Male,High School,No,No,Good,0-2,> 86,04-Jun,0-5,1,72,2,88.2,5.2,4.5
Female,Bachelor,Yes,No,Fair,> 4,0-66,0-2,05-Aug,1,67.9,5,61,1.7,6.7
Male,None,No,Yes,Poor,0-2,> 86,04-Jun,05-Aug,1,100,0,98.9,6,6.4
Female,Bachelor,Yes,No,Fair,02-Apr,> 86,02-Apr,05-Aug,1,55,3,91.7,2.1,5.6
Female,High School,Yes,Yes,Good,0-2,66-76,04-Jun,05-Aug,1,59.9,0,70,4.5,6.3
Female,High School,No,No,Fair,> 4,76-86,02-Apr,0-5,1,50.8,5,77.6,2.7,4.7
Female,High School,No,Yes,Poor,0-2,0-66,02-Apr,05-Aug,1,65.6,1,62.3,3.6,5.7
Female,High School,No,No,Fair,> 4,76-86,0-2,05-Aug,1,61.7,5,81.5,2,6.4
Male,Master,Yes,No,Good,> 4,76-86,04-Jun,05-Aug,1,66,5,82.7,4.6,7.7
Female,High School,No,Yes,Poor,02-Apr,> 86,02-Apr,> 8,1,86.9,3,92.2,2.7,10
Female,High School,No,No,Good,> 4,66-76,02-Apr,0-5,1,59.6,6,71,3.2,5
Female,High School,No,No,Good,> 4,66-76,0-2,05-Aug,1,49.1,5,69.8,2,7
Male,High School,No,Yes,Good,> 4,> 86,0-2,05-Aug,1,31.1,5,89.5,0,5.7
Male,High School,No,Yes,Good,> 4,66-76,> 6,05-Aug,1,100,6,69.3,7.1,5.6
Female,Master,No,No,Good,0-2,> 86,04-Jun,05-Aug,1,81.1,2,95.8,4.7,5.1
Male,Master,No,Yes,Good,0-2,76-86,02-Apr,05-Aug,1,55.1,0,85.4,3.5,6.5
Female,High School,No,No,Poor,0-2,> 86,02-Apr,0-5,1,53.3,0,95.9,3.1,4.7
Other,High School,Yes,No,Good,> 4,76-86,02-Apr,05-Aug,1,89.1,5,84.3,3.5,7.6
Male,Master,Yes,No,Fair,> 4,0-66,04-Jun,05-Aug,1,77.3,5,59.8,4.3,6.6
Other,High School,Yes,No,Poor,0-2,76-86,0-2,05-Aug,1,56.4,1,83.5,1.7,7
Female,Bachelor,No,Yes,Fair,> 4,76-86,04-Jun,05-Aug,1,83,5,81.1,4.6,6.8
Female,Bachelor,Yes,No,Fair,02-Apr,76-86,04-Jun,05-Aug,1,85.9,3,83.2,4.2,5.1
Female,High School,No,No,Good,> 4,0-66,02-Apr,05-Aug,1,64.5,5,56,3.5,6.1
Female,High School,No,No,Fair,02-Apr,> 86,04-Jun,05-Aug,1,91.9,3,100,4.5,5.5
Male,Master,No,No,Good,02-Apr,66-76,04-Jun,05-Aug,1,74.6,4,76,4.4,5.4
Female,Bachelor,No,No,Fair,> 4,76-86,02-Apr,> 8,1,66.7,6,84.1,2.6,8.1
Female,Bachelor,Yes,No,Good,0-2,> 86,02-Apr,05-Aug,1,77.4,0,97.6,3.7,5.7
Female,High School,Yes,Yes,Good,> 4,> 86,04-Jun,05-Aug,1,99,5,89.1,5.8,7.9
Male,High School,No,No,Good,> 4,76-86,0-2,0-5,1,53.4,6,76.1,1.3,5
Female,High School,Yes,No,Poor,> 4,> 86,02-Apr,05-Aug,1,81,6,93,3.7,5.2
Male,Bachelor,No,No,Fair,02-Apr,66-76,02-Apr,> 8,1,66.2,3,66.3,3.6,9.6
Female,High School,No,Yes,Fair,0-2,> 86,02-Apr,> 8,1,88,2,91.5,3.8,8.6
Male,Master,No,No,Poor,0-2,66-76,02-Apr,05-Aug,1,64.4,2,74,3.9,6.5
Male,Master,Yes,Yes,Fair,0-2,> 86,04-Jun,05-Aug,1,80.9,2,86.6,5.7,5.7
Male,Master,No,No,Poor,> 4,> 86,0-2,05-Aug,1,59.6,5,91.4,1.1,7
Male,Bachelor,Yes,No,Fair,02-Apr,66-76,02-Apr,0-5,1,72.5,4,67.5,3.3,4.1
Male,High School,No,Yes,Fair,02-Apr,76-86,0-2,0-5,1,47.6,3,76.4,1,4.9
Male,Master,No,No,Good,0-2,> 86,02-Apr,05-Aug,1,63.6,1,91.7,3.2,6.5
Female,High School,No,No,Good,0-2,66-76,0-2,05-Aug,1,41.7,0,75.3,1.6,5.6
Female,High School,Yes,No,Fair,0-2,76-86,02-Apr,05-Aug,1,76.1,2,77,2.6,7.5
Female,High School,Yes,Yes,Poor,0-2,76-86,02-Apr,05-Aug,1,65.9,1,86,2.9,6.8
Male,Bachelor,Yes,No,Good,> 4,0-66,02-Apr,05-Aug,1,64.4,5,61.9,3,6.5
